"id","name","bat_side","side","avg_batter_y_position","avg_batter_x_position","avg_foot_sep","avg_stance_angle","avg_intercept_y_vs_batter","avg_intercept_y_vs_plate"
678662,"Tovar, Ezequiel","R","R",28.716132239756035,26.146445943233655,34.85980016762823,-3.02027177651653,34.22464572182273,5.5085134820667
518692,"Freeman, Freddie","L","L",29.585682129220952,29.575572790957416,34.55634424298804,-1.9830539798040991,26.647963764896748,-2.937718364324203
606192,"Hernández, Teoscar","R","R",28.495561828917396,28.167012553492565,29.2988203124475,0.9673338791556421,31.74790652068921,3.2523446917718135
663586,"Riley, Austin","R","R",30.16617896217552,28.541431251661685,29.805870863483573,-8.560571670657678,34.12273315726055,3.956554195085035
641355,"Bellinger, Cody","L","L",33.916033716733864,25.63986382051091,20.765444068948227,-19.589145734874158,31.099761491154567,-2.816272225579299
665487,"Tatis Jr., Fernando","R","R",23.17283673774602,29.24689701307584,28.030194040688805,-13.95382635114942,30.22627357574943,7.053436838003405
553993,"Suárez, Eugenio","R","R",26.50171301655776,26.347340774088362,28.203299584447933,-4.341014976266731,31.310909720817417,4.809196704259652
642715,"Adames, Willy","R","R",31.016304052757565,31.14953841809643,32.81739858307275,2.8741540379380126,31.279443159522174,0.26313910676461283
592206,"Castellanos, Nick","R","R",28.760814594646494,28.66257165068466,27.980867659218923,-17.423740155890332,33.41668507470802,4.655870480061535
683002,"Henderson, Gunnar","L","L",26.466116644290082,24.486377165985942,33.72757271353912,-5.927976740554284,31.386247154595022,4.920130510304943
679529,"Torkelson, Spencer","R","R",27.234975016578467,25.978934942374167,36.175491718702325,-3.427154097572465,31.568964962741855,4.333989946163387
681481,"Carpenter, Kerry","L","L",30.95082031863474,28.85976805124519,21.78668843333749,-1.9248002226594458,24.184106399687952,-6.766713918946785
677951,"Witt Jr., Bobby","R","R",28.602080541875637,25.531067180507144,28.957022003655844,-8.573979465330009,30.118388663285696,1.5163081214100576
543807,"Springer, George","R","R",27.240762721394933,30.07445919368816,27.783112770444752,-9.666132759513088,23.032603798838625,-4.208158922556303
607208,"Turner, Trea","R","R",27.270362094452903,29.17259623722386,38.045484722738465,2.955372917846377,33.764826756289814,6.494464661836918
621566,"Olson, Matt","L","L",29.65274889259433,29.513548570933132,30.392861299164068,-8.70204151444957,34.74143477772559,5.088685885131242
663993,"Lowe, Nathaniel","L","L",29.713100745408003,31.296050461721205,29.213208675667303,-18.230231874226988,26.49058137865902,-3.2225193667489798
680869,"Gelof, Zack","R","R",22.71787175514989,31.054877824763878,44.428244815213574,2.1845394049223334,26.96564894823855,4.247777193088655
677594,"Rodríguez, Julio","R","R",19.625652988879764,28.32528679143592,25.154006200761916,4.209935958709709,35.4115500413769,15.785897052497122
646240,"Devers, Rafael","L","L",17.887618930842724,24.410595099066228,32.27986154322771,-53.45884363705753,32.222378309708084,14.334759378865359
682928,"Abrams, CJ","L","L",25.347676062556307,28.968802044207585,27.912162772584136,-8.447860668168715,28.38390051172303,3.0362244491667263
661388,"Contreras, William","R","R",29.560412451560108,28.178429375291614,27.820479285344533,-4.5819762145314105,31.066036313560566,1.5056238620004594
669394,"Burger, Jake","R","R",22.14489371259907,30.984359949056504,23.694218433829274,1.8200806234826115,33.61454353969532,11.469649827096248
641857,"McMahon, Ryan","L","L",21.299396277001485,32.99700770576332,43.12761927301855,-1.4066832934733071,22.733952557575197,1.4345562805737098
664034,"France, Ty","R","R",26.618714241918152,25.384206934503517,30.13799778881957,-24.784401361825864,29.314807326322192,2.6960930844040396
665161,"Peña, Jeremy","R","R",28.112432450684665,27.48191043180936,29.814755653869614,-13.077901706209142,25.531833412342603,-2.580599038342061
572233,"Walker, Christian","R","R",29.376176357716133,26.493993635568863,24.655822879292415,-12.32214779903307,30.955525772382572,1.5793494146664457
664761,"Bohm, Alec","R","R",25.83572861004981,29.963962976130837,38.48935325941384,-10.284543013583246,30.043213733129477,4.207485123079668
660670,"Acuña Jr., Ronald","R","R",28.83792996341523,27.94305408782349,34.507478817554386,-12.079899893636503,30.5998792712028,1.7619493077875665
663656,"Tucker, Kyle","L","L",30.973347610566382,27.876257656143167,33.66507863274592,0.24986174633054603,26.89241956385837,-4.080928046708013
665926,"Giménez, Andrés","L","L",24.51392585360414,27.97963899583225,37.763711299055835,-1.4300889792819984,31.4127647233624,6.898838869758267
502671,"Goldschmidt, Paul","R","R",22.893495587375998,35.51007232642007,38.28883752408855,-2.8794832385534663,19.241246396327245,-3.652249191048749
668715,"Steer, Spencer","R","R",28.994711139672994,27.46331546128154,36.47639444410588,-1.8753100442022637,33.17946035094053,4.184749211267552
608841,"Meneses, Joey","R","R",32.86686525327236,26.57293929495259,33.75111502572509,-4.043894000548305,34.639753411211956,1.772888157939606
621020,"Swanson, Dansby","R","R",30.58715600321612,27.765654526946808,20.411677551844853,-20.373323083604674,33.064199539222685,2.4770435360065712
624413,"Alonso, Pete","R","R",24.22975410490122,29.61167088431619,34.781621466802,5.443336219647131,32.8500359702939,8.620281865392684
671739,"Harris II, Michael","L","L",30.21408417428782,30.758522907311946,17.607837432971905,-16.45801304514863,31.012972675050225,0.7988885007624037
547180,"Harper, Bryce","L","L",23.22567638671273,28.55839315043582,32.36714843100911,-12.359672646061712,31.423613481271758,8.19793709455902
542303,"Ozuna, Marcell","R","R",35.17191016152421,27.3313725973025,30.033300545623916,-21.730726551243617,32.54092406508001,-2.630986096444199
650402,"Torres, Gleyber","R","R",31.16877845699488,27.358829000464116,28.081963508246766,-36.698507161463056,33.30738455668139,2.13860609968651
669257,"Smith, Will","R","R",32.081026983751094,26.215161814130227,17.833487950680432,-11.68387326139576,29.28408181758206,-2.7969451661690305
543760,"Semien, Marcus","R","R",27.715934213713442,23.799114232023356,33.11199606592291,0.4322076907383951,30.197636851675053,2.481702637961616
643446,"McNeil, Jeff","L","L",29.412307111965276,24.27419979978018,34.581753672493335,-9.236185698778527,29.529041952228926,0.11673484026365227
650559,"De La Cruz, Bryan","R","R",27.503912072258725,28.21939541198192,40.46789778036318,-7.70639102307181,29.849811143119673,2.3458990708609395
521692,"Perez, Salvador","R","R",29.7651554423015,28.585573372298843,36.814410964345676,-32.425594379656744,28.1594368862604,-1.6057185560411007
681546,"Outman, James","L","L",28.22356793749621,27.740949065125548,33.174595106228075,-6.060013615111622,28.58824979682599,0.36468185932978014
592518,"Machado, Manny","R","R",23.084127645786793,31.54137905899559,27.615415922396355,-42.28875980179607,32.00718775321981,8.923060107433017
665489,"Guerrero Jr., Vladimir","R","R",29.377402518174907,28.561032035474494,29.731451746553738,-11.386825138825044,34.03389331906938,4.656490800894471
680757,"Kwan, Steven","L","L",25.86129245165908,23.30599579340148,8.597111981159248,-3.579290936681303,27.9652271426166,2.1039346909575167
669004,"Melendez, MJ","L","L",26.91571789059181,28.052466844556314,28.610258936313016,-32.55615241263176,28.68377036241763,1.7680524718258195
607043,"Nimmo, Brandon","L","L",27.311378432081096,29.871185697659847,31.675794283973143,-6.895614091155538,26.284305930468086,-1.0270725016130178
670623,"Paredes, Isaac","R","R",32.085529972829654,25.53209096121514,28.63751419107895,-36.98116329537781,39.081910213340976,6.996380240511315
676801,"McCormick, Chas","R","R",18.54457082389146,33.880088877806635,23.19328269327494,10.897187639007445,25.065777248373745,6.521206424482283
666134,"Jones, Nolan","L","L",27.098687261045892,26.977505368029753,29.732315947354262,-5.693992325463183,29.729535911009574,2.6308486499636827
686681,"Massey, Michael","L","L",25.631064952745408,27.52120648817228,33.51624186863228,-5.42774315090847,30.776189393181955,5.145124440436543
643217,"Benintendi, Andrew","L","L",32.060533265085034,23.955547276465744,19.983821175599044,-43.15859861535858,29.98686886909439,-2.0736643959906385
596146,"Kepler, Max","L","L",36.20533888361736,29.351833875657967,32.78305267824467,-18.536975926394234,32.81130007879205,-3.3940388048253127
673548,"Suzuki, Seiya","R","R",29.282611103358963,29.13943132172256,28.245185637749206,-3.7803638696374002,30.658611430366303,1.3760003270073378
673357,"Robert Jr., Luis","R","R",30.164053454513894,26.43469047702182,31.89167650298004,-10.617870307217968,29.29412821244977,-0.8699252420641266
673490,"Kim, Ha-Seong","R","R",32.1373887574423,26.096823695350114,17.609206663638027,-18.966221056844077,34.1776184235928,2.0402296661504957
668227,"Arozarena, Randy","R","R",17.310726414565195,25.13520548595934,19.142775180215676,1.314372105714486,31.16875918376542,13.858032769200227
681082,"Stott, Bryson","L","L",24.111201214959905,26.4510604098522,42.42631082923139,-5.066949839660181,24.22586107293446,0.11465985797455211
687952,"Encarnacion-Strand, Christian","R","R",29.32135432173587,29.115414707401367,32.26997958546069,-19.951211205529674,31.274071265156095,1.95271694342023
608324,"Bregman, Alex","R","R",25.778929423142156,25.214367488888765,33.648721836212395,4.686246307049275,30.596691376999214,4.817761953857052
682998,"Carroll, Corbin","L","L",30.149285686835643,27.906627466314934,31.449949357961607,-2.662744202242551,34.73133714708022,4.582051460244586
656941,"Schwarber, Kyle","L","L",26.407864417161118,26.717641325544157,30.53182177400613,-6.062381085047566,31.92483339865147,5.516968981490353
593160,"Merrifield, Whit","R","R",22.953722328488727,28.31697470402501,24.71612287762968,-13.317239583732936,31.088828368606865,8.135106040118135
666969,"García, Adolis","R","R",29.510816033981467,26.70458288291765,30.57219931880318,-16.019473160898592,32.541905830717006,3.0310897967355355
683011,"Volpe, Anthony","R","R",30.024415517856372,29.236319978483817,28.025716136022794,14.654772045701288,29.29120719144722,-0.733208326409152
663837,"Vierling, Matt","R","R",34.69839121481618,27.956668602257768,32.161685586216656,-12.416050516289783,28.73411257480231,-5.9642786400138545
547989,"Abreu, José","R","R",24.154132842579376,32.363196595431475,34.372745150386514,-0.1106155747974251,31.78472547775699,7.6305926351776225
666139,"Lowe, Josh","L","L",24.017690488500087,30.613861369727942,29.9640552216215,-5.657716817682113,30.44669820307378,6.429007714573689
641313,"Anderson, Tim","R","R",21.959896657693193,26.368193231038298,29.420885104292598,-7.795021899456338,28.039836456364412,6.079939798671222
593428,"Bogaerts, Xander","R","R",16.637425783491,28.660245820022524,31.686532097062535,-9.14974331874372,32.44017604946804,15.802750265977052
663538,"Hoerner, Nico","R","R",29.55303473023616,28.082886729165832,26.352507340896132,-5.252812168778929,28.45371179249867,-1.099322937737496
672580,"Garcia, Maikel","R","R",30.82123710818198,28.033968869299418,33.342583975681606,4.7184915403761085,31.655234452215907,0.8339973440339215
691023,"Walker, Jordan","R","R",32.270097360915805,26.830673288058698,17.122353835097464,-42.980369517392965,33.41110813015175,1.1410107692359333
666971,"Gurriel Jr., Lourdes","R","R",29.045155143992574,27.08679658197175,26.24927454375283,-10.253155517540359,28.250818075142355,-0.794337068850219
665742,"Soto, Juan","L","L",25.083925492747138,30.753647895866404,44.73258180467413,-8.896110336134479,23.401517795102585,-1.6824076976445488
608369,"Seager, Corey","L","L",26.91519705375179,27.322947231211227,29.939576750710433,-4.766663265888378,34.790797949059986,7.875600895308194
545341,"Grichuk, Randal","R","R",26.305866966659508,27.406287174187604,36.18697530320234,-22.167702265612398,32.323901792050165,6.018034825390654
656716,"McKinstry, Zach","L","L",26.99287466700715,24.861849842976067,27.0310041478547,-7.436983133042908,30.051189599167216,3.058314932160064
592885,"Yelich, Christian","L","L",27.022446775631842,29.532756263515374,32.62828383389816,2.2817526611906556,26.21372723356875,-0.8087195420630887
605204,"Davis, J.D.","R","R",29.036951718590853,30.095046684439918,32.6212203089771,-8.24020392385554,21.444642834004988,-7.592308884585857
669720,"Hays, Austin","R","R",13.263769743203053,32.38498887585415,28.39267145215623,3.6203094576890402,31.78893960162438,18.525169858421325
650333,"Arraez, Luis","L","L",33.43961721584984,24.98288303636113,27.07678976328904,-24.89747318682398,31.096076494781332,-2.3435407210685155
457759,"Turner, Justin","R","R",32.1428373169229,21.09611250463336,12.314191216671015,-27.513548573339357,39.213236767760485,7.070399450837572
666624,"Morel, Christopher","R","R",27.621095312848844,27.002948189311223,22.207013173622716,-19.172439014434833,34.46510871948355,6.84401340663471
571970,"Muncy, Max","L","L",27.520632860720223,29.295225749277694,19.336550637318233,-1.3657408099811243,36.99552505964798,9.47489219892776
645277,"Albies, Ozzie","L","L",35.34163658085261,22.170030318190836,39.18384428934625,-36.45059904051224,37.67203031388622,2.3303937330336053
657041,"Thomas, Lane","R","R",24.64267635276242,28.291853252963623,38.625860029528646,-12.093369746346697,28.142305981170367,3.4996296284079462
683734,"Vaughn, Andrew","R","R",32.05370899981984,27.58989480714352,24.519223812940243,9.233769656769473,31.46320151097142,-0.5905074888484101
553869,"Díaz, Elias","R","R",26.561746042011194,25.36770403812668,30.603257140822762,-29.098751878370802,39.079387446863684,12.517641404852492
527038,"Flores, Wilmer","R","R",27.31800720937433,23.70605406007267,43.28153047091039,-6.513060966482919,31.73168643052959,4.413679221155262
514888,"Altuve, Jose","R","R",11.860481700325728,30.923271024601828,30.240164724517964,-13.440589707360546,25.658967166797513,13.798485466471783
592696,"Rosario, Eddie","L","L",27.366942587071183,29.090651870358645,28.466474960287048,11.029990169182264,30.17641766749126,2.809475080420076
655316,"Monasterio, Andruw","R","R",27.048988603817403,26.68250492098883,32.04709198274999,-8.087342597055768,31.267925235396973,4.2189366315795676
592663,"Realmuto, J.T.","R","R",32.11756740645264,28.470234999049904,27.6479720279523,-18.11533746404119,27.726161769818933,-4.391405636633702
650490,"Díaz, Yandy","R","R",28.343701540818767,28.382599968000118,30.599885755882372,-20.190915828749255,30.034888694440642,1.6911871536218728
571448,"Arenado, Nolan","R","R",29.299689265307478,29.765756451085295,32.346366642368686,-1.8603626249797747,34.110976609820675,4.8112873445131985
606115,"Arcia, Orlando","R","R",29.040223545647677,27.453159393784933,34.62244908316121,-19.576881655215104,30.262973475557192,1.2227499299095155
641487,"Crawford, J.P.","L","L",34.4342488622406,29.531879043379124,30.963685367524818,-18.484330861693866,37.92710686304833,3.4928580008077246
623993,"Santander, Anthony","L","L",22.26092453140113,25.491506920866026,28.631600600282464,0.9106468936257073,32.76863318121961,10.507708649818486
670770,"Friedl, TJ","L","L",31.46539471654207,24.42170803914867,32.691601145330814,-34.489416828170995,42.480367227677014,11.01497251113494
686668,"Doyle, Brenton","R","R",24.730449556610242,27.929129516077236,34.22165294400002,-0.13198552942962574,27.16007214672843,2.4296225901181945
656811,"O'Hearn, Ryan","L","L",26.11869333351243,31.022403542568856,30.653218764565143,-1.5567186714498187,25.18086103655639,-0.9378322969560304
605141,"Betts, Mookie","R","R",25.129134387098205,26.905300719085123,24.844927956692818,-13.084148058698712,35.61584820917296,10.486713822074762
519317,"Stanton, Giancarlo","R","R",25.947912042043438,34.480968354393916,38.73903998460476,17.884628328207754,26.190684161325006,0.24277211928156991
670242,"Wallner, Matt","L","L",26.90051520551439,31.697891078598513,30.3753205544925,-34.78676787497902,35.373420431061106,8.472905225546706
592273,"Drury, Brandon","R","R",29.060630029446084,26.715210186521134,28.167468940767765,-9.84170639461524,32.73530149486607,3.6746714654199817
519058,"Moustakas, Mike","L","L",29.027613752715787,26.583340015827563,27.654662273584663,-5.1764708022371115,35.84385059438095,6.816236841665166
592192,"Canha, Mark","R","R",20.293403613924717,26.264575739947748,28.602613478058796,-8.076507467453201,30.124621608395497,9.83121799447078
664040,"Lowe, Brandon","L","L",28.61007975688225,25.896858075566822,18.481562953709055,-1.1818221748928683,35.802154176584715,7.192074419702464
807799,"Yoshida, Masataka","L","L",31.51168108279819,24.709250965306847,27.09500586476309,-14.765751434652763,29.205684049762883,-2.3059970330353075
667670,"Rooker, Brent","R","R",30.25891420466929,26.191810873217296,25.231078488229695,-3.2266169287054347,34.4995588782329,4.240644673563608
662139,"Varsho, Daulton","L","L",28.358035936092804,27.61329521167892,34.715533624715164,-0.3143906814649261,26.935833693927663,-1.4222022421651417
670541,"Alvarez, Yordan","L","L",26.43800090897609,27.561553590909842,42.035995026984146,-6.285341496775798,35.48218616363447,9.044185254658377
668930,"Turang, Brice","L","L",28.580355797353615,23.23494843354176,28.422885230923377,-0.8290082803673692,35.38977676551375,6.809420968160153
672356,"Arias, Gabriel","R","R",29.522638878587117,31.945815052186095,33.696746664208206,-3.3338786835707213,30.597063749643468,1.0744248710563589
643565,"Tauchman, Mike","L","L",30.546273463603082,32.25081710089629,27.061058994116838,-3.1277604661276635,27.03881838186068,-3.507455081742404
669261,"Suwinski, Jack","L","L",31.38668369303338,25.04504609818915,32.64234194151627,-16.83268047522881,30.813336350731063,-0.5733473423023199
663728,"Raleigh, Cal","L","L",31.1617783767211,24.377040195184904,31.315131016639228,-6.666760294564734,34.93337593094988,3.7715975542287867
650391,"Jiménez, Eloy","R","R",15.420867306388821,32.13446168958881,38.648891823193864,-28.747039100635238,29.197518330458998,13.776651024070173
678894,"Peguero, Liover","R","R",32.374388415294845,26.293720810167745,25.984974670870482,-3.8032098129857737,32.45797107701113,0.08358266171626605
686823,"Brennan, Will","L","L",29.412667820037676,27.362954020594028,24.948874865201976,-0.3275243014484852,26.67955016066573,-2.7331176593719397
594807,"Duvall, Adam","R","R",25.78896937021999,28.96387954609724,30.926775500502536,0.704793377811695,34.27433767731184,8.485368307091841
543228,"Gomes, Yan","R","R",29.330183123386725,28.056307730737323,32.90439996903428,-8.1590671343293,32.17942065623728,2.849237532850566
668939,"Rutschman, Adley","L","L",29.268375061182073,27.239987251182658,37.42805575331621,-20.118161371397456,24.75658506922103,-4.511789991961045
666160,"Moniak, Mickey","L","L",27.111245644756735,31.60781724745051,32.626173259484744,-16.650534875392612,30.096011393731665,2.9847657489749224
592669,"Renfroe, Hunter","R","R",29.31358443391683,31.088810664067182,27.73013389252265,-17.55726677086798,36.70193214386944,7.388347709952622
660707,"Montero, Elehuris","R","R",30.220299520053153,24.40207613562095,36.59283274517816,-7.645740171088794,36.71599946365977,6.495699943606624
642731,"Estrada, Thairo","R","R",27.73116067684737,25.677293160915582,24.159460887717383,0.7842004193643833,35.19506040563456,7.463899728787189
682829,"De La Cruz, Elly","L","L",27.73226526538393,29.298993618807845,31.18707534449393,-4.382938555986285,34.72887916736761,6.996613901983678
663624,"Mountcastle, Ryan","R","R",27.454692227037285,30.105662167253644,30.353669946104752,1.2744331471993713,26.423988952933993,-1.0307032741032942
592450,"Judge, Aaron","R","R",31.493701948332063,33.851339413711244,34.01011921291074,-20.08394030065416,31.873416691375752,0.37971474304368774
502054,"Pham, Tommy","R","R",27.531744858910447,27.223466088591955,37.087768206371976,-2.858446048189027,31.965624512639025,4.433879653728574
677950,"Thomas, Alek","L","L",32.68607336023995,27.89664335645377,15.856119755688391,-35.01614710626901,34.099555118308515,1.413481758068568
657077,"Verdugo, Alex","L","L",30.526356379016246,23.318907606234575,20.940134685851387,-30.654894708004516,33.76956793674502,3.243211557728776
642086,"Smith, Dominic","L","L",30.500653106998346,28.2055022260932,36.70621918463556,-6.260982715950395,35.735931253951634,5.235278146953293
673237,"Diaz, Yainer","R","R",29.871064072209162,26.38803580249751,31.995788221103588,-0.8980528434499292,31.535980327160466,1.6649162549512977
643289,"Dubón, Mauricio","R","R",25.01110361776196,29.27528782608241,33.89538642077818,-22.084957450671794,27.476257964763324,2.465154347001361
672478,"Diaz, Jordan","R","R",29.52299421668931,25.327639323447528,33.25043423335253,-8.692127420077547,31.204250920382627,1.68125670369332
664913,"Brown, Seth","L","L",28.83857253991479,26.84741356994959,29.645397006816676,-3.351497390601083,35.62019457433435,6.781622034419558
669127,"Langeliers, Shea","R","R",27.35967384794748,29.753060160516664,29.88538176217069,-15.64593882010161,36.70898654957502,9.34931270162754
621043,"Correa, Carlos","R","R",25.483972235486007,29.775913459898238,34.79363690886861,-1.594495186515719,28.37264915276801,2.8886769172820026
596019,"Lindor, Francisco","L","L",24.5735099787601,24.655940633075534,29.547458057097394,-3.561044052601901,30.49379315270684,5.9202831739467365
444482,"Peralta, David","L","L",28.74937308809239,29.201233676619477,31.47149842615106,-1.1750757534380345,27.627343905337643,-1.1220291827547393
623912,"Ramírez, Harold","R","R",28.932276728479007,27.737474201601025,27.961861589268324,-5.5498249920263865,26.388360261848117,-2.5439164666308858
621035,"Taylor, Chris","R","R",32.08065148077078,30.58063561112845,26.09093189982939,-15.918576010265257,35.48782646943753,3.4071749886667457
643265,"Cooper, Garrett","R","R",32.17849625053196,32.0224783713784,28.769944510869482,-21.51435842064611,28.103809783467696,-4.07468646706426
592626,"Pederson, Joc","L","L",27.62554109330317,23.85335910477685,21.814164845686427,-26.016290450816125,31.027029253528966,3.401488160225789
641598,"Garver, Mitch","R","R",28.10255610263522,26.91038885632658,31.120635373998606,-6.474760652534196,31.325584415401302,3.223028312766085
467793,"Santana, Carlos","L","L",25.249490305205324,27.879919376354856,22.280397972519474,-22.341593651174193,34.1636055391133,8.914115233907975
686217,"Frelick, Sal","L","L",24.540435978059687,30.028375614956488,38.18046899887415,-0.8521780712399455,22.735987969396586,-1.8044480086631025
656305,"Chapman, Matt","R","R",30.97888162423214,30.026760404165675,26.44281373341184,-5.094946865688576,26.226940150425282,-4.751941473806856
666397,"Julien, Edouard","L","L",28.05623450042763,26.949424338800167,32.23784200853251,-2.474263770020547,26.280488742021433,-1.775745758406203
666182,"Bichette, Bo","R","R",29.159735876090632,24.363422824928257,31.011904634049817,4.4114336717901965,24.73858265958971,-4.421153216500923
571771,"Hernández, Enrique","R","R",26.793547024832847,26.871539527986194,25.875785672164945,-10.280305327428378,31.64194568854864,4.848398663715788
518934,"LeMahieu, DJ","R","R",28.213919814193705,32.389431191368296,38.8157167875397,3.983676418579985,23.84299681096161,-4.3709230032321
671213,"Casas, Triston","L","L",33.259845926328175,29.340510972641624,18.384866542871908,1.1938375218887347,34.03564935968717,0.7758034333590038
664023,"Happ, Ian","L","L",30.1703888142734,29.201121136442193,30.980131028736295,0.14083586464724035,31.77905256763324,1.6086637533598276
668804,"Reynolds, Bryan","L","L",25.447786727098826,24.992205112281706,45.34389805240531,-2.5375414295341674,28.714543216255716,3.2667564891568905
660821,"Sánchez, Jesús","L","L",24.84719942596058,29.764330102155263,31.110280165175038,-22.25014498934765,29.61320780629937,4.7660083803387945
605137,"Bell, Josh","L","L",31.74836345150561,28.735023848167476,28.4465599214609,-10.850576427849525,24.46140257909685,-7.2869608724087644
660271,"Ohtani, Shohei","L","L",30.109710503365296,28.7382363207567,31.7219110287885,-7.9051096355919235,27.52291685246952,-2.586793650895784
624585,"Soler, Jorge","R","R",27.836485945680426,30.67980074644763,39.83340869172238,-18.714134279738268,27.673494485118454,-0.16299146056196598
657136,"Wong, Connor","R","R",30.857865433892492,26.728450828933468,28.053115952889264,-35.64335612815653,33.52681323759368,2.6689478037011884
665862,"Chisholm Jr., Jazz","L","L",23.831085268199576,25.84811057281369,32.193254651416936,-4.9690746275283875,29.70950489102868,5.878419622829106
621466,"Stewart, DJ","L","L",26.179652662245132,28.721531618483684,37.15050260495041,-3.6674751453020056,31.011109586515076,4.8314569242699426
663647,"Hayes, Ke'Bryan","R","R",31.994280852263266,24.917262542788052,24.849396122871166,-15.485590648953602,36.76915747694686,4.774876624683586
665750,"Taveras, Leody","L","L",30.4340700349566,28.445664829849896,28.705955100503584,-20.61476587777119,31.630710239501994,1.1966402045453888
663757,"Grisham, Trent","L","L",31.46271347469804,30.210692189885346,19.522392308325806,2.1852759465777365,24.885150976494288,-6.57756249820375
668901,"Vientos, Mark","R","R",27.245045897575604,28.266146509566962,24.924853592071518,-16.20144714351479,31.06881443971085,3.8237685421352423
656582,"Joe, Connor","R","R",33.45662001823795,26.600216930984683,33.08663515628346,-21.24560392548481,33.97543836762315,0.5188183493851848
456781,"Solano, Donovan","R","R",27.236549586083818,26.296172469157803,32.77216148268705,-17.128046628939288,28.197586952522816,0.9610373664389937
666181,"Benson, Will","L","L",27.145627964919903,33.16216471303091,34.149806888170886,1.0551548085867508,25.07079341305545,-2.0748345518644538
669397,"Allen, Nick","R","R",27.894207137257574,27.324949357420564,26.143708070728753,-4.735983940597593,32.14901166597805,4.254804528720469
595879,"Báez, Javier","R","R",26.880621387045153,31.069386909395543,29.785568861177577,-15.940335948130247,29.2339814961069,2.3533601090617564
455117,"Maldonado, Martín","R","R",26.316281988418154,31.643144151140106,32.229187934287566,-5.2321159949339995,34.310921962166404,7.9946399737482565
677649,"Duran, Ezequiel","R","R",31.52938462725709,26.397323610224962,27.991580502270637,-9.866352458437095,30.356369815699153,-1.1730148115579395
608070,"Ramírez, José","L","L",27.816944377379965,22.957651056830166,27.485031229437066,-9.998255819401352,31.570468037980053,3.753523660600092
682985,"Greene, Riley","L","L",25.53736175878547,23.136064503800696,22.869028539194176,-21.376180051853034,31.29343196906431,5.756070210278841
671221,"Waters, Drew","L","L",30.44807883673589,23.023601925489157,24.274984841322606,-1.2990079672870385,32.92691476066346,2.478835923927565
628451,"Ibáñez, Andy","R","R",26.558173377200337,25.41593500489555,34.17111570520081,2.7284540311735963,27.514832920099977,0.9566595428996363
642708,"Rosario, Amed","R","R",23.257777528829664,26.83692009376896,42.52263619864365,-0.9109059204898543,27.578474809267604,4.320697280437941
682626,"Alvarez, Francisco","R","R",27.44016769588719,26.968526930007542,36.656337972625614,-11.83174610969987,28.270977897678183,0.8308102017909902
663457,"Nootbaar, Lars","L","L",31.127270552943223,28.047192100416414,22.443998203062065,-22.907864689480846,31.120612579229274,-0.006657973713947121
666310,"Naylor, Bo","L","L",27.762710174984807,30.235683360434408,29.276657916479326,-32.211898795159065,31.900298933029983,4.137588758045174
680777,"Jeffers, Ryan","R","R",27.436306196085393,27.69531466180345,35.28757828631049,-0.19990546702315382,30.403240357691942,2.966934161606543
606466,"Marte, Ketel","L","L",31.81247864445587,22.5690083697702,21.734370158272924,-8.459551154177952,37.26936429457079,5.456885650114925
668731,"Baddoo, Akil","L","L",26.878483508034236,30.33390129707229,33.67644874792955,-4.147808542050182,24.504461509059364,-2.3740219989748725
663898,"Rodgers, Brendan","R","R",27.60267996329416,29.361409777409627,29.51535043714152,-19.469450567751966,33.83463417186237,6.231954208568206
500743,"Rojas, Miguel","R","R",31.418286318770285,28.2652306250526,26.513383110600603,-16.656215467838475,33.06610224917635,1.6478159304060644
664702,"Straw, Myles","R","R",29.227098809635084,26.622169939352304,28.045820425901475,-3.6318051500142476,24.005351236294086,-5.221747573340996
668670,"Rogers, Jake","R","R",28.44811188725476,29.04321357961784,15.167170088460928,-1.77920183634216,31.85591761547846,3.4078057282236998
647304,"Naylor, Josh","L","L",23.972810017306376,28.95366307660223,43.30725209353009,-2.4547693833917332,24.635879608000483,0.6630695906941073
502110,"Martinez, J.D.","R","R",30.88867671783669,33.231008367667435,28.40058981379115,-0.47403494291951,29.44628162957434,-1.4423950882623517
594777,"Calhoun, Kole","L","L",28.584540552648825,27.543717442995746,30.576271143726057,-6.963165184578693,30.073897025447756,1.4893564727989335
664774,"Wade Jr., LaMonte","L","L",30.535125062196247,23.85246703538101,22.2385967239965,-0.8815028427453492,36.53822054035473,6.003095478158474
670042,"Raley, Luke","L","L",23.89603414765278,27.431560024623234,27.840674143493768,-8.583271415445347,33.1658958418574,9.269861694204614
408234,"Cabrera, Miguel","R","R",32.23049414391251,30.417785070850087,30.42389778693082,-8.221989193625285,27.179399207042586,-5.051094936869922
676116,"Noda, Ryan","L","L",25.126079089981385,27.361264937932056,37.80447109616982,-6.366000715026692,28.823250732480055,3.6971716424986716
686527,"Canzone, Dominic","L","L",33.22566529386841,27.50471728238152,37.42305971760307,-13.250572101675855,39.20321187380156,5.977546579933152
676059,"Westburg, Jordan","R","R",21.84624652890707,32.77421524179319,33.43696986459074,-7.16143354890842,29.828485879628133,7.982239350721068
660688,"Ruiz, Keibert","L","L",34.35982164505554,24.120831311035616,27.343814627663473,-40.66570576791874,37.73031790577896,3.370496260723427
575929,"Contreras, Willson","R","R",15.555053343790517,31.039864767760662,27.103799866164724,-7.0745902613146106,30.451616627333916,14.896563283543397
660162,"Moncada, Yoán","L","L",18.374765159963033,28.718330050953014,30.6186917625898,-9.673597766585377,31.68842546870601,13.313660308742978
596115,"Story, Trevor","R","R",26.42521931287495,28.854227359192407,32.045269140245885,-15.567603436454622,32.22868305670984,5.803463743834891
641680,"Heim, Jonah","L","L",30.12534572128008,32.02453694633087,22.193455577205626,-19.67603148216626,29.036323250147568,-1.0890224711325112
656775,"Mullins, Cedric","L","L",29.404316405241907,24.48407727967101,32.744500767148544,-11.866322353465723,31.12318549144942,1.7188690862075084
669016,"Marsh, Brandon","L","L",28.70978766211641,29.02873916917109,37.590244926568964,-14.348264404886466,28.087888984173137,-0.6218986779432694
595281,"Kiermaier, Kevin","L","L",30.646466943621324,29.308531554487708,32.600050675890735,-10.666078131862935,27.761791309944474,-2.8846756336768475
458015,"Votto, Joey","L","L",27.88347704807311,26.789662759534895,31.560996952149413,1.2550751001900444,31.92118396148191,4.037706913408801
669357,"Gorman, Nolan","L","L",33.15757979854061,27.04363010746334,25.226427076733216,-19.575482136105077,34.12197311159281,0.9643933130522104
657656,"Laureano, Ramón","R","R",25.88111144795656,27.720623527562594,27.018793115576596,-0.06759402449224719,33.3739290108756,7.492817562919044
693049,"Colás, Oscar","L","L",27.851532071183076,26.167602158617555,34.17574269896481,-13.373376124628258,31.3468796817977,3.4953476106146244
462101,"Andrus, Elvis","R","R",21.311671299419466,31.91709637767418,27.594820954480063,-9.490009747254154,29.307607336223803,7.995936036804343
621438,"Taylor, Tyrone","R","R",29.508347998227798,27.759979595404285,30.59372803851089,-15.804959510949901,32.59219290332576,3.083844905097966
642350,"Siri, Jose","R","R",25.65128660982749,29.933198217026376,33.12434065442343,-9.172792950860307,30.764249345798138,5.112962735970652
624424,"Conforto, Michael","L","L",25.599320275223704,30.29707127279061,31.55267318295739,1.7969891802768276,27.883521861657773,2.2842015864340675
474832,"Belt, Brandon","L","L",24.776047139743348,27.809228161605784,38.823551099175084,-0.565946079595443,26.558834003451633,1.7827868637082855
680779,"Davis, Henry","R","R",32.08631226267317,26.63294223315858,36.08713281713293,-12.48312146934502,35.74895011856425,3.6626378558910813
542932,"Berti, Jon","R","R",32.22109690871812,29.216042196163418,21.730164791415515,2.4667905292940207,24.03429046709056,-8.186806441627548
571657,"Farmer, Kyle","R","R",23.911174198841334,26.54986538783609,23.007756319983383,-27.633073675653428,32.923320309177385,9.012146110336047
669221,"Murphy, Sean","R","R",31.59159427604516,29.250693128438925,27.335241413990573,-14.593771891814294,29.036389974713313,-2.5552043013318464
657557,"DeJong, Paul","R","R",24.56306739955281,27.258460104388142,32.48497606856848,-1.088263269950621,30.508698461637216,5.945631062084405
518792,"Heyward, Jason","L","L",30.436319473685984,36.225530057116984,33.76544346961123,-12.403973872006278,26.406044155488146,-4.030275318197838
676475,"Burleson, Alec","L","L",33.46572030917872,24.59961239791233,27.909214085929452,-20.834352240368396,28.18588988765562,-5.279830421523112
664056,"Bader, Harrison","R","R",26.103620238914342,27.69576044550881,33.86399597590346,-16.47722018520575,34.090284935169784,7.986664696255441
672724,"Peraza, Oswald","R","R",28.45392971455246,29.069577476030155,34.47219808279776,-12.784031567463863,31.31588263070606,2.8619529161536037
672386,"Kirk, Alejandro","R","R",23.278844488473844,32.30132592019764,28.31725480306664,0.19015160313769985,29.795190506302898,6.516346017829057
663886,"Stephenson, Tyler","R","R",27.43083845778384,31.158184561846326,38.207958473729775,7.320056367058528,27.02949235589341,-0.4013461018904223
630105,"Cronenworth, Jake","L","L",35.28716736926778,27.04744381758329,22.98934794488831,4.869483108555723,27.764395017737574,-7.522772351530208
650489,"Castro, Willi","L","L",31.366996155809,22.37706534384686,29.62337062464058,-2.4294351892597,30.85700680236649,-0.5099893534425051
641943,"Palacios, Joshua","L","L",25.501725097586576,28.80205614951867,29.151138287703752,-14.72274899879443,28.14022546387552,2.6385003662889495
453568,"Blackmon, Charlie","L","L",28.226815948860423,28.82310694848177,28.11717302828076,3.374683425664017,29.187722023030815,0.960906074170397
664728,"Isbel, Kyle","L","L",29.33333450340074,26.625621209722496,24.24373374130117,-16.91214970201055,34.617464367557105,5.284129864156358
666906,"Alu, Jake","L","L",30.606893296565325,25.61814067650088,28.866536173333735,-13.181833319967772,26.95021030997092,-3.6566829865943973
680574,"McLain, Matt","R","R",28.854942779097367,28.768904878125124,31.448436660212014,-27.321230534969054,33.3147390584763,4.459796279378926
602104,"Urías, Ramón","R","R",28.434010930058427,29.87315877809901,29.747414609611692,-11.67476252041378,28.159449410219047,-0.2745615198393822
624428,"Frazier, Adam","L","L",19.915022372644806,22.66629017729431,39.20979183742192,4.282787735160531,25.83569649442224,5.920674121777435
457705,"McCutchen, Andrew","R","R",30.149619719368015,27.993572757941262,34.71710717824269,-5.926057995807102,25.3692159073782,-4.780403811989808
518595,"d'Arnaud, Travis","R","R",29.870502073684936,29.485503637539384,24.766246369702166,-9.96735064926423,31.811463330800954,1.9409612571160213
683146,"Baty, Brett","L","L",27.114337484563887,32.39524424314732,33.24274643800857,0.0946581610115903,27.486583598088764,0.3722461135248811
624415,"Biggio, Cavan","L","L",27.540931522772468,24.81317509063387,30.970053310655825,-3.499590856956161,28.654074133691307,1.1131426109188376
600869,"Candelario, Jeimer","L","L",27.594721933678443,27.859520918527384,32.0829277545284,-6.438345705119482,29.967288761738192,2.3725668280597474
669707,"Triolo, Jared","R","R",27.75589464101007,31.055501005002906,37.53710556164771,1.7571964854456992,31.369320931639695,3.6134262906296315
673962,"Jung, Josh","R","R",24.67615507912782,23.75949393835467,18.777412594405686,-3.3226534908464536,34.38301245598718,9.706857376859348
645801,"Ford, Mike","L","L",24.313763328853934,24.556804841776472,26.59976272580765,-52.91949538405187,34.442342092883585,10.12857876402965
672695,"Perdomo, Geraldo","L","L",13.667018914895772,25.547938738787845,38.366126434115294,-6.896006203822566,22.271124273840545,8.60410535894478
669134,"Campusano, Luis","R","R",27.134042522181474,27.508202977191363,29.242231166777707,-32.67152652150903,28.96312893611236,1.8290864139308867
543877,"Vázquez, Christian","R","R",25.525770713592326,29.445685677222517,23.97346105093713,-4.937510184407808,31.260349517757145,5.734578804164822
682641,"Matos, Luis","R","R",29.151896692002246,25.371161680985136,28.785765300136685,-8.792489860666572,32.11662325578209,2.9647265637798474
669743,"Call, Alex","R","R",31.82320597132379,28.54006366568152,24.947609720046962,-25.836409342737124,32.85069625834963,1.0274902870258422
679032,"Rojas, Johan","R","R",25.737383567124574,26.613496250596434,32.873813105673776,-3.654660822996931,30.031081571832313,4.293698004707743
641933,"O'Neill, Tyler","R","R",30.46372185937034,25.862539415410957,30.98836069514984,-8.998264714421763,29.490424493136903,-0.9732973662334363
672515,"Moreno, Gabriel","R","R",29.765932312306283,26.473970020652988,32.46764253479446,-6.4791891295409405,29.875472234223317,0.10953992191703255
676369,"Velázquez, Nelson","R","R",30.485326852980783,26.93596647486865,32.82567155748145,-14.937302612357799,32.55932255942591,2.0739957064451207
666023,"Fermin, Freddy","R","R",28.861323720380142,28.702677081821054,31.842228626388668,-2.893984782989129,28.100275023660302,-0.7610486967198419
658668,"Olivares, Edward","R","R",28.98128428131406,26.3292656602314,32.622333581939046,-19.84863109338117,30.603889121197508,1.622604839883443
650859,"Rengifo, Luis","L","L",21.515920662138086,26.403426148431258,30.882943343118647,-15.058731246785058,29.19950626371075,7.683585601572663
643396,"Kiner-Falefa, Isiah","R","R",29.227282051787657,29.10827575736394,34.227161931733455,-33.53051429177567,28.766817403083667,-0.46046464870399423
572191,"Taylor, Michael A.","R","R",16.394673992971835,30.41787766471136,35.044419602330905,0.2918797749576995,28.328972456080464,11.934298463108627
593871,"Polanco, Jorge","L","L",31.086267518611624,26.538794594615144,29.508026578567925,-37.200442710576866,32.151232369312474,1.064964850700854
681351,"O'Hoppe, Logan","R","R",27.611964106679654,26.985608735079058,34.71118720266934,3.6456539782970903,38.65481241566553,11.042848308985874
573262,"Yastrzemski, Mike","L","L",30.18906376720971,25.96672151268283,20.505788242336713,-13.818783855901476,30.58914773558954,0.4000839683798252
657757,"Sheets, Gavin","L","L",30.695788928036585,27.73813230483244,27.883890848274973,-32.27544664006031,27.96361144411709,-2.7321774839194926
595909,"Cave, Jake","L","L",24.9086413472002,32.28761312402587,29.514083117460675,-21.675813368716465,26.09195417369802,1.183312826497825
672275,"Bailey, Patrick","L","L",25.560059178649787,29.43391785000462,29.993120441240325,-8.592616648039273,30.23248617361742,4.6724269949676325
668942,"Rojas, Josh","L","L",30.345036336850026,30.478413889752208,25.478484569801847,5.945727430192241,26.12560140315511,-4.219434933694919
643393,"Kemp, Tony","L","L",18.117987977519114,23.60619584220316,33.72792070177854,-10.386726112579835,24.76038954573767,6.642401568218553
542194,"Bethancourt, Christian","R","R",19.23446718713949,26.330180244897882,27.598650011374698,6.200726873039584,30.852551459116896,11.618084271977407
621563,"Wendle, Joey","L","L",25.34828553323884,30.13767286706163,33.234881661405005,-2.589930956722684,24.88310043794144,-0.4651850952973959
678009,"Meadows, Parker","L","L",28.446011179549792,27.544360810720626,34.72173643188612,-3.6413813414161735,33.8356672055353,5.3896560259855075
691016,"Soderstrom, Tyler","L","L",27.86349872364122,30.64594346983174,40.269319521552625,-10.33502703840112,30.981287491519012,3.117788767877786
664238,"Moore, Dylan","R","R",24.964035218105312,29.22222263785082,32.64334301434738,-2.2534632598540028,32.524545210745046,7.560509992639735
682848,"Rodríguez, Endy","L","L",30.690906592816944,25.002980352836037,37.799001021837185,0.4668794969708266,32.564146730582195,1.8732401377652486
666165,"Sabol, Blake","L","L",26.98467115714286,28.949349194318312,31.32227182261667,-24.84088470784456,34.86781722477524,7.883146067632381
641584,"Fraley, Jake","L","L",28.694617157646295,28.262344130621013,25.94479104166481,-12.654618549685507,31.68706549572914,2.9924483380828515
660757,"Gonzalez, Oscar","R","R",25.942741345128734,31.318872423883295,39.632711789115,-15.263775675613344,29.89546107328211,3.9527197281533777
687263,"Neto, Zach","R","R",24.50635558892058,23.91431955660598,31.061880453518654,-13.994613172969059,33.45820386435924,8.95184827543866
678225,"Bae, Ji Hwan","L","L",31.951520731187905,26.050474637136922,30.714356781808497,-12.651948019922965,25.135962742335607,-6.815557988852304
542364,"Ortega, Rafael","L","L",29.132379424843155,25.804500014155863,22.45716839377215,-3.3578383853409193,28.668002003725785,-0.4643774211173727
641343,"Bauers, Jake","L","L",30.163073606732354,29.073232078933998,29.27804609248227,-4.604675960053074,31.662344949387542,1.499271342655186
671277,"García Jr., Luis","L","L",29.26398297037223,29.822824064463745,31.64804525323032,-8.254532623681886,30.83035451794314,1.566371547570912
668904,"Lewis, Royce","R","R",21.61017555978465,28.136593525387323,30.156421600458895,-5.75358249346071,29.619717590034746,8.009542030250092
666135,"Kirilloff, Alex","L","L",29.446053902423724,27.509494119015773,35.40899919161383,-7.760978973329383,26.678434340292963,-2.7676195621307595
671732,"Butler, Lawrence","L","L",25.47077671741591,30.63382032513332,40.56509014314261,7.0268206484314515,32.06981702909522,6.599040311679312
543063,"Crawford, Brandon","L","L",30.33113790373519,25.95829228311903,30.791733973284984,-24.91506454621263,33.725859550950446,3.394721647215261
624641,"Sosa, Edmundo","R","R",24.287125511251972,25.15479475084976,36.07185683346975,-8.206153922608427,25.962445093479673,1.675319582227703
668800,"Knizner, Andrew","R","R",27.49820417622005,28.155822238665117,30.67798801234459,4.9733461503328,34.88245030436278,7.384246128142728
607054,"Peterson, Jace","L","L",29.839354773659405,27.092019882360766,31.037124895361348,-22.86687390396648,36.76817127225264,6.928816498593226
649557,"Díaz, Aledmys","R","R",26.864109232273762,30.070097885916592,31.294726041534123,2.2269186821544285,30.856403659830516,3.992294427556746
668804,"Reynolds, Bryan","R","R",29.058090551357743,28.105077825654355,38.37639872905987,-5.2022687722427206,29.574119629052966,0.5160290776952192
676914,"Schneider, Davis","R","R",31.919950661339293,25.686554902295462,28.99880899777875,-10.182413894363211,30.34394068933624,-1.5760099720030456
691026,"Winn, Masyn","R","R",33.47840360371172,23.805249810992017,13.763275480409632,-52.67510111250525,31.00550192848184,-2.472901675229892
665923,"Ruiz, Esteury","R","R",31.1278477975617,29.595931873800858,37.55473323666888,-7.224815404705295,27.243445154184794,-3.8844026433769003
543510,"McCann, James","R","R",24.131909540031064,25.755163492183588,28.894349632590426,-13.328590959559296,37.55643476081723,13.424525220786172
680776,"Duran, Jarren","L","L",28.062726726030846,31.57921859550733,32.00524347805099,0.7185648135235548,26.404583748784965,-1.658142977245883
607732,"Stallings, Jacob","R","R",26.859064688869502,27.218794097139956,33.5840999209307,-22.016900988549185,30.501452928190545,3.6423882393210465
650907,"Pinto, René","R","R",18.748938597414547,29.498716332166413,30.64424315917895,-6.657146493894699,24.88517086043493,6.1362322630203865
694384,"Schanuel, Nolan","L","L",32.83437712517155,23.350697019818654,34.19561127256481,2.3986325771207335,26.60003937292929,-6.234337752242254
687799,"Marlowe, Cade","L","L",31.481913701616694,25.517534362937763,31.581997410827032,0.41838840669939953,36.99748190150316,5.515568199886475
669477,"Schmitt, Casey","R","R",31.59485223244929,26.441957533703963,23.266934198146334,12.366337224180127,30.98578519531915,-0.6090670371301334
518735,"Grandal, Yasmani","L","L",28.284961903944907,28.109347448477063,26.069718152803468,0.5520268886520107,33.60034231132231,5.3153804073774
665828,"Cabrera, Oswaldo","L","L",27.60062671620051,25.003942222955697,27.847375261065917,-11.661566678645324,29.404366455378444,1.803739739177939
663845,"Rivas III, Alfonso","L","L",28.11104249129128,25.9576368210737,34.92681885518243,-3.687317206502945,27.552095642938372,-0.5589468483529093
675961,"Williams, Alika","R","R",32.29521171247613,27.940394214964662,21.507593760844777,-7.589973022816365,29.988499647583737,-2.3067120648924004
669242,"Edman, Tommy","L","L",27.78273419032926,26.33515083723345,27.44555899361937,-13.716687231918502,27.6655018819603,-0.1172323083689622
543309,"Higashioka, Kyle","R","R",32.034255378359234,24.949242223722223,28.563689157206667,-8.840326175869288,30.812273705339518,-1.221981673019715
682622,"Marte, Noelvi","R","R",28.21905443034687,26.452597532686482,34.45982178694421,-25.043014233072466,34.29054987603127,6.071495445684404
596142,"Sánchez, Gary","R","R",31.70645430304524,26.798657130770785,19.557270571215575,-14.016729687733285,37.30022564557731,5.593771342532064
642136,"Thaiss, Matt","L","L",29.36363533811694,28.58503099814136,24.902492696242337,-6.751291059791119,30.782428473710645,1.4187931355937053
596129,"Vogelbach, Daniel","L","L",31.59579661920171,28.90450012059141,27.34477304547496,-32.08467365674329,34.548322040273256,2.9525254210715506
493329,"Gurriel, Yuli","R","R",15.352810973272423,29.203278941996913,33.67697464388024,-10.753792616087015,26.684011599164865,11.331200625892444
500871,"Escobar, Eduardo","L","L",29.722719338340553,27.66906766128894,25.78978799682307,-4.473832004511618,31.90673421878645,2.1840148804458925
677592,"Pereira, Everson","R","R",28.61876679615505,27.773396166855537,34.190217753821095,-7.0109058928058285,29.901275890991997,1.2825090948369464
672820,"Sosa, Lenyn","R","R",31.46005109071932,27.44487299120185,28.759371253730766,-10.812061493242147,27.470318503005778,-3.9897325877135414
696285,"Young, Jacob","R","R",31.726041167654838,31.319678838957408,27.779435380170867,-3.143768507768664,29.165210447526515,-2.5608307201283234
607680,"Pillar, Kevin","R","R",27.617060280729053,29.79946000884451,22.819861960259917,3.3312079642747157,32.785247792029345,5.16818751130029
676946,"Batten, Matthew","R","R",34.15987174410637,28.22556463360792,31.025594747466677,-10.265687592586588,32.36294921078882,-1.796922533317532
595777,"Profar, Jurickson","L","L",28.10328526544886,27.169862452362008,28.511547373219784,-7.536394883574396,29.155649450639718,1.052364185190854
678882,"Rafaela, Ceddanne","R","R",32.21305008152585,28.639648469733075,26.93854260393025,-17.585869650419756,32.433889328065696,0.22083924653984238
678545,"Basabe, Osleivis","R","R",27.408278429195164,30.681638747477407,33.281369643971665,-16.00375417198608,24.20065520487594,-3.207623224319227
670097,"Short, Zack","R","R",35.666572989730284,26.42449874557977,27.241510843445138,-15.49485062600388,36.251384935936784,0.5848119462065049
622534,"Margot, Manuel","R","R",24.604306787742285,28.991950460584924,27.69089599197748,-16.678006668335296,32.218401350065314,7.614094562323022
668709,"Bleday, JJ","L","L",29.852213185490555,30.625712305355854,30.91898475710043,-11.411260106713573,31.39249121805026,1.5402780325597063
669289,"Espinal, Santiago","R","R",34.53017199532656,27.087216814895022,20.60152913860945,-6.57441495652943,30.699023889160912,-3.831148106165646
686894,"Wiemer, Joey","R","R",25.48897922274321,32.59847399285528,29.87049456835174,-17.475063966428532,37.11420264453172,11.625223421788512
663697,"India, Jonathan","R","R",29.77507770649837,27.57672613922291,33.29737097413697,-18.87908618825246,31.71582673748722,1.9407490309888553
545121,"Vargas, Ildemaro","L","L",14.699663394240698,27.520043426610595,39.46903188365545,-7.330134557063714,20.37718506465798,5.677521670417278
643376,"Jansen, Danny","R","R",22.284790469209756,28.849479045542235,41.26081146363943,-5.927822825161072,33.95311072046089,11.668320251251139
656896,"Rivera, Emmanuel","R","R",27.71924087141715,24.99880384754016,33.41071940542172,-8.161805200588903,29.444687052348996,1.7254461809318475
608671,"Jankowski, Travis","L","L",30.896424080792052,29.720187090799772,32.82821790154222,-3.0656253897765064,22.693389843074012,-8.20303423771804
553882,"Narváez, Omar","L","L",26.24636143466937,27.636241310686284,23.842128817924245,-3.129663919709766,30.33844120200691,4.092079767337542
663743,"Fortes, Nick","R","R",30.14809586241169,27.303964899153332,29.5659050212214,-15.69709202818128,32.49896176239561,2.35086589998392
676701,"Trejo, Alan","R","R",31.367346761115858,28.00932571794512,32.747356246864015,-23.987155349035664,34.93832007785507,3.5709733167392006
608070,"Ramírez, José","R","R",28.33060417124045,25.680940448607764,27.55697218778048,-9.17703316128894,32.53135784921717,4.20075367797673
596103,"Slater, Austin","R","R",28.065262604163095,24.573104890037758,26.824119463740335,2.393510282936821,29.207620103867566,1.1423574997044723
670032,"Lopez, Nicky","L","L",16.300825576215964,32.225910386596944,33.0644614003404,-5.584932869741284,24.043150619599434,7.74232504338347
669222,"Senzel, Nick","R","R",23.730628884729175,30.589372735229233,34.78526612612819,7.928883314910702,23.633346856557573,-0.0972820281716047
663611,"Madrigal, Nick","R","R",21.109638146875906,22.97376483510709,26.652993494652275,0.7114740868823176,28.87958327706923,7.769945130193326
668472,"Pratto, Nick","L","L",16.56493321436626,24.831408601127247,24.392880802231193,-8.424926551742086,32.253841514183826,15.688908299817575
669701,"Smith, Josh","L","L",31.608583822301526,26.4596938433194,24.90782461150142,-18.334757516772882,31.765795300895437,0.15721147859391454
671289,"Freeman, Tyler","R","R",30.508450860213912,29.60225501670115,26.458784179725843,-24.020200684706708,30.552380710167817,0.04392984995389797
641658,"Hampson, Garrett","R","R",31.046320697259766,28.500116023695796,18.417286614701,-8.77675952496538,31.834073370482006,0.7877526732222395
649966,"Urías, Luis","R","R",28.832725858218172,27.362634599678472,31.662822802281568,-6.366012695352944,29.14379527424741,0.3110694160292355
666018,"Aranda, Jonathan","L","L",28.752744429334225,31.37073526797574,36.22953785851096,-25.23655774130224,30.260471774591508,1.5077273452572844
664983,"McCarthy, Jake","L","L",33.44634417920473,28.58779534147978,20.731456837646263,-19.36511122381042,32.41385332248736,-1.032490856717372
624512,"McGuire, Reese","L","L",29.268257719930602,29.603779175930807,33.10745324306098,-4.507951577480726,28.82813531822741,-0.4401224017031907
680700,"Palacios, Richie","L","L",31.72303148432266,22.253073719769638,18.326601661518033,1.9112648077619399,27.472872465863645,-4.250159018459013
676694,"Meyers, Jake","R","R",25.935075799789004,32.26447374864318,33.78478592177199,-1.4003231734607098,30.85790413940566,4.9228283396166646
543068,"Cron, C.J.","R","R",33.551598369891366,27.935336121554503,14.51924494315191,-28.9358008189285,30.829799086456187,-2.721799283435182
596019,"Lindor, Francisco","R","R",26.99707913251831,26.171774557546385,29.133581916839145,-12.822203947509555,31.758559026029907,4.761479893511594
605612,"Castro, Harold","L","L",29.042166972575224,26.253706192399708,40.304562664054316,-15.616547114709855,30.4954919991071,1.453325026531875
669911,"Toglia, Michael","L","L",27.741632630202556,30.862434018317106,29.56197566129774,-22.53140044422718,29.513322700374363,1.7716900701718106
608348,"Kelly, Carson","R","R",27.62678881432964,27.784574250019958,25.506556195720577,-1.5297272896178036,31.589105047286978,3.9623162329573356
622569,"Reyes, Pablo","R","R",30.029003355904596,27.459466021307495,39.59885385421735,-1.0776139840675683,28.832536409380516,-1.1964669465240836
608336,"Gallo, Joey","L","L",27.971864410515533,26.814745770611474,41.68012429829106,-19.90610431084435,39.75151510654404,11.779650696028503
592178,"Bryant, Kris","R","R",25.43236534700897,30.0033140380402,40.85952472897251,-5.930993762841179,33.0012520308454,7.568886683836428
669224,"Wells, Austin","L","L",31.20669719167362,25.957526368616488,31.014427919199125,-12.164705894144756,29.56305119699555,-1.6436459946780675
622761,"Mateo, Jorge","R","R",31.981703661014095,27.478880482391798,36.90755337320003,-7.905580538189717,28.202943452987647,-3.778760208026446
572204,"Thompson, Trayce","R","R",31.271345627589024,31.60803820801988,31.574789818876894,-1.4719721970926458,37.821370244548135,6.550024616959111
605137,"Bell, Josh","R","R",32.11233064148142,28.99202225960282,32.986238650414236,-12.691870446459422,21.716375480575543,-10.395955160905878
656448,"Garrett, Stone","R","R",35.27617330378993,31.48040915249953,32.82109358183832,-8.454968897096942,25.111659083355377,-10.164514220434558
642851,"Wynns, Austin","R","R",29.174737306777672,26.78631808205316,33.98764280590071,-16.995063632605234,30.730082375789046,1.55534506901137
678554,"Mead, Curtis","R","R",28.652669696084757,30.746728961059826,19.81443994680764,-19.19904402959575,27.085773622829667,-1.566896073255093
677800,"Abreu, Wilyer","L","L",31.374020522093858,28.59967733475579,28.49249845934428,-22.410314118973993,30.923633232109616,-0.4503872899842365
543257,"Grossman, Robbie","L","L",26.787609454200016,27.235870215132284,34.98149173674564,-7.09377259919565,38.961459250300976,12.173849796100964
571912,"Maile, Luke","R","R",27.587048035356666,28.03020374967351,34.71933529898165,-0.5957303547261527,30.629492874625683,3.0424448392690198
606466,"Marte, Ketel","R","R",31.657831537104087,24.83371099150253,21.894425276649294,6.226318200472303,35.393970940391796,3.7361394032877207
664023,"Happ, Ian","R","R",25.68205804982825,36.148223429280186,28.750751067408025,13.196941319358215,31.485825945314232,5.803767895485983
676609,"Caballero, José","R","R",10.740545914881485,23.637560469016858,34.84378438777824,-11.24930542038805,35.20232942656107,24.461783511679585
666198,"Kieboom, Carter","R","R",25.663246347058234,26.88727682511604,31.758287405128463,-1.6819140191847415,33.24403762829382,7.580791281235598
656669,"Luplow, Jordan","R","R",30.319286580575653,31.033144818280395,29.217946628363908,-16.290936528194496,28.62516245141562,-1.694124129160035
663728,"Raleigh, Cal","R","R",26.986641501083945,26.92501464662394,31.954061274461388,-7.399532109045431,36.32011280430712,9.333471303223169
605131,"Barnes, Austin","R","R",26.027877048766708,28.07581466917575,25.29565734749819,-8.571420385430677,30.744871851682404,4.7169948029157
665804,"Amaya, Miguel","R","R",27.089730790138837,30.080179833799466,35.4187842795628,-11.211258812498702,35.30141039584253,8.211679605703694
621545,"Remillard, Zach","R","R",29.183194689539206,22.10876883450577,30.7982980179924,-13.512457620438775,31.021357685283824,1.8381629957446142
677551,"Franco, Wander","L","L",16.658504479108817,29.44313837323912,26.270851986213017,-32.88935820334346,29.609973424858737,12.951468945749923
622110,"Duffy, Matt","R","R",30.269969120117594,29.834044759741126,30.2914102799484,-12.580776367526195,32.55282042271077,2.2828513025931776
686676,"Lee, Korey","R","R",27.376071559199623,27.247106524950453,31.009484673463803,-8.676093265957137,32.009333400177475,4.633261840977847
668939,"Rutschman, Adley","R","R",24.104115119694324,28.15114170628084,38.66306965309546,-5.150962151211634,24.966305160775637,0.8621900410813124
621550,"Wisdom, Patrick","R","R",28.408309528090395,30.566099251905396,34.54482645139332,-3.166649664214838,31.812053256706154,3.4037437286157566
605361,"Martini, Nick","L","L",29.7264081517846,27.730690739459572,28.36900972153408,-20.651077927903426,25.372514939534366,-4.353893212250234
682829,"De La Cruz, Elly","R","R",29.14969961304144,30.64874072544695,34.04800166092143,1.2872138020562205,34.05193160260734,4.902231989565901
623993,"Santander, Anthony","R","R",21.680283138176275,27.693031205079443,27.14349745382274,-1.0932337913587693,30.88381551018709,9.20353237201082
672284,"Kelenic, Jarred","L","L",32.01449264393164,28.494144739848114,26.11001791338071,-9.960849318785343,32.40865382210568,0.39416117817402513
543305,"Hicks, Aaron","L","L",26.975591068044185,29.501997137631445,34.32971314918244,-16.290681934777073,29.616074441422654,2.6404833733784705
680118,"Blanco, Dairon","R","R",28.731305576218187,26.83734209972418,22.682338991194097,-1.8744110634827724,23.532523629236167,-5.198781946982019
693304,"Gonzales, Nick","R","R",30.420048104893567,26.46878037627779,29.60223767801237,-16.987638216451877,32.43863432300713,2.0185862181135588
596847,"Choi, Ji Man","L","L",31.27225137369828,25.02020651456319,33.10545994213654,-10.53847612785304,34.329900821917015,3.057649448218734
696100,"Goodman, Hunter","R","R",27.243764375774937,31.29511264780919,22.295927475754496,-24.96291838509676,42.015997488187956,14.77223311241302
663609,"Baker, Luken","R","R",28.089710885319725,26.766453170285832,37.36747505680131,-18.8633853633542,27.64366838419802,-0.4460425011217053
669242,"Edman, Tommy","R","R",27.21757714956968,28.952170082078386,26.963631255974708,-1.2411586646788795,28.607237337548455,1.3896601879787778
608701,"Refsnyder, Rob","R","R",31.42274588883386,28.84116657860294,26.84034013771796,-3.0586892327200266,28.13315129773469,-3.289594591099164
641511,"Delay, Jason","R","R",27.815952117531204,29.703444125068728,31.226805457494127,-1.4311738713815843,29.332204827868715,1.5162527103375167
664314,"Florial, Estevan","L","L",30.483081892245554,27.479500329050232,29.11942298492391,-14.068177715175306,34.40081080946612,3.917728917220561
681807,"Fry, David","R","R",27.38255825695292,32.54433382881377,29.581015887241616,3.7818385347310417,28.944906132819646,1.5623478758667286
672275,"Bailey, Patrick","R","R",25.574959652605962,29.91839267251528,27.529363072868257,-4.216420927644888,27.522191757964386,1.9472321053584252
656180,"Adams, Riley","R","R",28.660592500832742,28.356312618196654,42.54093911714888,-15.798620963656372,28.743572636036745,0.08298013520400317
543939,"Wong, Kolten","L","L",26.33034075112196,24.464809825420172,29.14854961350212,-14.343751607941481,31.914179605749563,5.583838854627604
663550,"Cabbage, Trey","L","L",26.402894652039027,28.729592487887388,34.84300487425741,-9.268328724939,29.744755301387897,3.341860649348872
519203,"Rizzo, Anthony","L","L",31.304704696783407,22.094734151690822,23.054277944257688,-8.430124601947393,33.754458192225044,2.449753495441643
606992,"Haase, Eric","R","R",26.11883376753767,25.61941326475012,31.27892136998477,-10.565023939250821,29.798699494665517,3.6798657271278477
656413,"Fairchild, Stuart","R","R",30.35180220295291,24.405860167579668,26.955041845758554,-10.300199401436622,31.821506106492404,1.4697039035394919
660688,"Ruiz, Keibert","R","R",32.049571477636405,31.26756329127116,30.046964376969868,-27.423923882579988,38.05389180250643,6.0043203248700205
665750,"Taveras, Leody","R","R",29.47365174579194,33.18326636219179,30.58874464525302,-0.8233081692201101,28.52741520827997,-0.9462365375119732
446334,"Longoria, Evan","R","R",29.49610951429274,28.890762818318137,27.186118581017034,-24.367654757475233,33.000099227067096,3.5039897127743536
667452,"Julks, Corey","R","R",28.953181015491595,29.189076638051684,29.38449989697854,-14.927940283786981,36.420026756884475,7.466845741392878
593871,"Polanco, Jorge","R","R",23.768563535300952,27.014236657246673,33.3843033867609,-21.78079864111857,31.923911089127046,8.155347553826095
571745,"Haniger, Mitch","R","R",29.08022064332005,31.9318448767392,29.522388888578817,-16.01106030892296,32.76539178315171,3.685171139831664
518626,"Donaldson, Josh","R","R",26.75255575408155,30.68545337332787,30.8654083986002,1.712529555066347,29.674788100929252,2.922232346847701
595453,"Wallach, Chad","R","R",30.237196868977435,30.256529793436385,25.288831852408993,-16.52210765020108,32.27750162040498,2.040304751427554
666163,"Rortvedt, Ben","L","L",26.770343173836586,31.11251948337801,31.011136864728485,-5.804151653602667,27.892086879092684,1.121743705256097
572138,"Singleton, Jon","L","L",30.89439784814747,29.263859411738824,41.96506621799525,-0.8785490755395875,34.881915861928945,3.987518013781474
679845,"Loftin, Nick","R","R",30.584808073114683,29.607385874590154,26.58941150256434,1.1504122481218615,31.972547866469554,1.3877397933548732
641856,"McKinney, Billy","L","L",26.235502391430753,29.409898285647554,31.733011398460057,-5.193372683065765,33.02892351987105,6.793421128440293
596117,"Stubbs, Garrett","L","L",26.61128575138549,23.24048780299597,39.319787834835154,-2.7336874420326835,27.720819125143308,1.1095333737578181
600301,"Motter, Taylor","R","R",30.979065400585366,33.60992893042765,20.893549210515562,-16.734701404020488,30.583401245216802,-0.39566415536856764
605113,"Ahmed, Nick","R","R",34.31161551138314,28.35838735905462,17.792322476786197,-22.241204383611734,35.31009835814488,0.9984828467617399
467793,"Santana, Carlos","R","R",27.789358881707432,28.41455899191939,23.448301218219758,-23.359134648152992,28.992033014431595,1.2026741327241601
694497,"Carter, Evan","L","L",27.533312431338064,23.988482294679613,25.03181988731752,-8.889862183137968,34.43717972918253,6.903867297844461
665155,"Maton, Nick","L","L",25.32238185808821,23.35683686714478,37.84973809183233,3.1318333157956895,31.571864836043826,6.249482977955612
607461,"Beaty, Matt","L","L",26.58615696503076,26.946900783306287,22.60305520660102,-15.45083988184461,34.30006100732817,7.713904042297408
605170,"Caratini, Victor","L","L",29.784615136157328,23.547698239218647,22.224647120406736,-14.330966249561767,36.199921028353465,6.415305892196137
666176,"Adell, Jo","R","R",26.064919291193632,29.89542428266542,34.13139842625627,-3.4041085315267536,27.106441439931984,1.0415221487383504
621433,"Phillips, Brett","L","L",29.017946215993074,26.48040993112349,29.132544566260343,-9.616855120386655,25.854699044602576,-3.1632471713904975
681297,"Cowser, Colton","L","L",26.566755398007302,29.40307131594023,27.31275364474563,-8.038194562730137,29.99610094193296,3.4293455439256575
670764,"Walls, Taylor","L","L",30.338869445585026,27.74411245664902,26.912347771555563,-3.93584774048693,30.12819763979369,-0.21067180579133693
609280,"Andujar, Miguel","R","R",28.884297379755093,31.861821800522137,27.75219659162459,-5.757565616510646,34.92083929495515,6.036541915200059
642133,"Tellez, Rowdy","L","L",27.174690754423015,26.96609470772488,26.314931707693063,-2.8916651267442464,33.72874246509498,6.55405171067197
682848,"Rodríguez, Endy","R","R",29.29568562659819,26.39537272734567,36.08114851474154,-0.547683760855376,31.693915041712522,2.398229415114333
664901,"Mendick, Danny","R","R",27.146602602039206,30.39049497519501,33.44111182653873,-4.049636539512668,27.63793432804941,0.49133172601020175
645277,"Albies, Ozzie","R","R",33.09398294925926,18.9151216450579,27.71446478729054,-67.15782662333852,33.54335409124187,0.4493711419826179
545121,"Vargas, Ildemaro","R","R",28.618071564216113,26.658372958138077,33.99485866020029,-9.215837463904869,29.56561108880557,0.9475395245894638
621439,"Buxton, Byron","R","R",24.430968891593494,26.938119056385553,33.263603704324375,6.179707910472098,29.18735458195123,4.756385690357737
677595,"Mauricio, Ronny","R","R",29.013453386678453,29.45178395611074,28.73416198719946,-22.97154374666521,36.89790626204399,7.884452875365538
677595,"Mauricio, Ronny","L","L",28.784557960478907,27.952709937148885,27.587552252838748,-23.60199271325061,36.69508918040103,7.9105312199221185
595956,"Gallagher, Cam","R","R",26.44345850664584,29.28362194283748,34.45202049227389,-3.352631306835783,30.32851944570495,3.8850609390591098
680911,"Miller, Owen","R","R",28.44298219232799,28.784568590298864,29.15608528986744,-3.280726947166899,32.21924560089706,3.7762634085690725
644374,"Chang, Yu","R","R",26.85145593641616,27.134926675883758,34.765359623693854,-9.162941898482192,30.057842394456625,3.2063864580404715
670156,"Mastrobuoni, Miles","L","L",27.477620909853528,28.63518492165035,32.00740371441667,-16.31627613313696,35.11334575427868,7.635724844425152
621493,"Ward, Taylor","R","R",32.7645717298707,27.82853803262444,14.851561124818923,-41.321789518132775,30.937037544832545,-1.8275341850381635
608596,"Murphy, Tom","R","R",26.649457510821495,26.600554315824365,34.12838624298882,4.398600299578149,26.5640386384301,-0.0854188723913979
516416,"Segura, Jean","R","R",25.889743082029273,29.027936056291907,33.28719733433255,-5.394944297737383,31.418647310766637,5.528904228737357
650489,"Castro, Willi","R","R",29.4322008256066,25.93529080803264,31.596164055752528,-13.467045496066117,32.854836396589135,3.4226355709825342
677587,"Rocchio, Brayan","L","L",20.005655949983286,26.49230247012092,33.84095818143465,-0.3704227237825093,30.187193981391026,10.181538031407744
656308,"Chavis, Michael","R","R",28.678451582178326,24.488894950435295,26.453332222863693,-5.84879110075213,28.625420617410345,-0.053030964767979305
641796,"Locastro, Tim","R","R",26.373522972885112,24.795189770562683,34.46809199114646,-9.272831281407932,27.070775085244694,0.6972521123595847
650859,"Rengifo, Luis","R","R",18.730438792302404,27.091184900811218,37.86344093877776,-17.642026299115223,28.33519765349365,9.604758861191248
680977,"Donovan, Brendan","L","L",28.653489904271787,25.433251601948633,38.956850523722366,-8.021824447671174,23.20605497558942,-5.44743492868237
669364,"Edwards, Xavier","L","L",18.15397491286375,24.865555069973016,31.480494393644822,-8.855941721854222,25.979174466420815,7.82519955355706
685133,"Meckler, Wade","L","L",11.512230510121027,27.125557906234405,24.968147864409282,-17.86435744144361,31.83701641618455,20.324785906063525
667472,"Myers, Dane","R","R",31.552732461515415,24.818252295189136,18.901174311881743,-17.66951969160151,29.132442041104756,-2.4202904204106552
600869,"Candelario, Jeimer","R","R",28.620563001084676,27.055390900220843,33.24047891504065,-1.075269687599669,29.29886564914329,0.6783026480586182
677347,"Paris, Kyren","R","R",36.18892224713849,24.371210771404566,21.521119362637364,-9.175031793661208,29.1334891852117,-7.055433061926787
663527,"Nevin, Tyler","R","R",23.38950326420287,28.851732269816946,33.468468305276524,-4.764936834680717,27.812921832240526,4.42341856803766
488726,"Brantley, Michael","L","L",27.98952935669145,25.455623303773336,33.409063517233555,-1.8951844202072337,28.216166353661155,0.22663699696970563
642137,"Thomas, Cody","L","L",26.28654278266911,31.192875684562647,34.57460216705021,-3.072396352045844,29.19430334609808,2.9077605634289703
640492,"Azocar, José","R","R",25.33191072439145,27.480799149063163,33.07683925942245,-2.6601705251404035,25.77928198855549,0.4473712641640396
665839,"Valdez, Enmanuel","L","L",30.666079309156686,23.54618434772454,36.269056148516746,-16.621224022520153,29.111200600378382,-1.5548787087783058
663630,"McKenna, Ryan","R","R",27.805522755953014,26.508716634504072,25.170193644543257,1.0532611278069302,30.836261441964805,3.0307386860117944
677941,"Adams, Jordyn","R","R",32.40302921469881,28.975035297712235,32.632517624084855,-9.471856364912627,26.74975832118572,-5.65327089351309
542208,"Pérez, Carlos","R","R",28.612239853399497,25.5418156406333,24.870850159440636,2.2273333222035787,33.370021999853115,4.757782146453625
665506,"Pache, Cristian","R","R",29.17646924210102,29.719097548485024,39.14946959382055,-18.2554022917921,26.345769385846264,-2.8306998562547556
671221,"Waters, Drew","R","R",28.360802973788402,26.240403594538236,26.226960873672194,-3.2844461906077416,30.11132457078188,1.7505215969934762
595777,"Profar, Jurickson","R","R",29.226051301211953,29.802113888149588,27.804354603413227,-21.921171938853,30.361703792229157,1.1356524910172041
500871,"Escobar, Eduardo","R","R",32.081633944436255,26.70433847795935,26.846201075618247,-3.730916422265172,31.461805922432134,-0.6198280220041184
664874,"Zavala, Seby","R","R",26.64995262448594,26.88542725436522,28.949216799612735,-9.082099972990848,31.859954291075105,5.210001666589168
664059,"Haggerty, Sam","R","R",21.88093528293446,30.21085342909107,29.02125904015961,-0.4584894939124577,30.74586014021298,8.86492485727852
656024,"Pérez, Carlos","R","R",33.98381369574921,21.709083972161732,22.93393617092793,-46.96619564417356,38.13529668801704,4.151482992267826
683021,"Stefanic, Michael","R","R",29.097462513013905,28.371983836417634,28.289927770928582,-19.065709311408064,27.44642335265949,-1.651039160354416
660162,"Moncada, Yoán","R","R",19.348749299394576,30.225883725818303,31.50874531224852,-12.060338271928774,30.926337380389025,11.577588080994445
665877,"Fermín, José","R","R",28.96200657346272,27.319327842008395,28.85480793486257,-11.21968617085491,28.72978859967177,-0.232217973790948
666185,"Carlson, Dylan","L","L",28.225712572191643,25.489330598223592,28.400573025269185,-2.155280283308769,31.78950280658375,3.5637902343921164
660620,"Araúz, Jonathan","L","L",29.283536189621667,23.77272937226394,29.99899311005847,-19.36717257215813,32.38404066231553,3.1005044726938586
572816,"Dickerson, Corey","L","L",26.216933333055152,31.485492729033982,36.529216386960094,-5.399492136327254,28.432640269355502,2.215706936300352
666915,"Dalbec, Bobby","R","R",28.381064331428096,28.48621784611832,17.27427412215197,-8.365343993300032,32.75976232701094,4.378697995582838
686531,"Lipcius, Andre","R","R",33.8199399294364,29.404148482950042,18.606361812387988,-33.035015611225006,29.189585000286883,-4.630354929149523
541645,"García, Avisaíl","R","R",28.002243972181443,30.404649759610994,40.615134326717865,-1.2488638145573354,28.68502546848832,0.6827814963068758
664058,"Fletcher, David","R","R",27.967941238602346,23.4436151881848,34.43981202111651,0.48466324335025235,29.25271807844739,1.2847768398450423
665120,"Walsh, Jared","L","L",25.826678351301005,27.605104565371523,25.203327064656914,-4.202945158897513,31.275184046260147,5.44850569495914
675656,"Smith, Kevin","R","R",29.899549664440173,27.957268794905318,25.206332421488995,-4.395730350326712,28.11602748558591,-1.7835221788542632
645444,"Herrera, Jose","L","L",19.619056160162444,27.10312754538454,29.359503889039274,-18.04981532513523,30.366390437511857,10.747334277349415
666164,"Rutherford, Blake","L","L",32.9224051419403,27.81160686534189,27.98843931765848,-4.61366840025712,29.1850422654669,-3.7373628764733975
666703,"Rosario, Eguy","R","R",29.762105482632776,24.683096214258335,34.9066699495968,-14.934753518316324,31.408566250831406,1.6464607681986272
669911,"Toglia, Michael","R","R",24.31277484384313,30.50539408692049,31.21462717340099,-17.878627097056153,34.10491596395812,9.792141120114993
595978,"Hedges, Austin","R","R",28.966209655940947,26.24000295119872,30.464557594576107,-5.406436566864034,30.860653012417675,1.8944433564767287
641820,"Mancini, Trey","R","R",30.0731640191215,30.56452484573343,30.78617328843192,-10.411635010183993,29.116809195925825,-0.9563548231956763
679881,"Martínez, J.P.","L","L",25.802829239545865,27.760856696041216,37.888366579990745,-4.7002500454210185,28.215147445645744,2.412318206099879
669392,"Taylor, Samad","R","R",19.75464778807179,22.51727306359116,26.13368498293732,-4.189257897943573,31.353804419343817,11.599156631272031
676391,"Clement, Ernie","R","R",20.139176644309813,26.51162635691599,30.634744076903683,-0.4480125196628856,32.17007177320141,12.030895128891597
682617,"Luciano, Marco","R","R",27.712279847260888,29.109521081818663,32.563321256899144,-3.295221528403677,30.355611809039655,2.6433319617787667
681146,"Bride, Jonah","R","R",30.117425162018687,27.927653739974733,30.753993859357614,-13.47990225027,37.171397988616064,7.053972826597375
671218,"Ramos, Heliot","R","R",25.83241330652998,27.83000473396013,31.442063393078023,-8.070446213683223,30.430771655915766,4.598358349385786
656248,"Bouchard, Sean","R","R",27.70998491841671,26.220686099279053,35.20239204036044,1.221767671490611,32.31725362122683,4.60726870281013
677587,"Rocchio, Brayan","R","R",19.3861603671973,29.223668945866812,36.383741786627446,-2.869407140498081,29.107195169484246,9.721034802286944
666149,"Fitzgerald, Tyler","R","R",26.839558501672876,26.458639563291197,33.710540347282084,-2.9154201976681424,31.64808082095542,4.8085223192825435
682515,"Porter, Logan","R","R",31.405573467433562,25.604237294184518,25.421644040677084,-2.717649586988207,34.99921997716427,3.593646509730705
605119,"Anderson, Brian","R","R",29.125349698862397,30.829756729923087,31.39860263848644,-11.559975995203867,31.254359623496395,2.1290099246340013
677588,"Tena, José","L","L",32.73974041427698,26.971127101848538,28.39782881476132,-21.419443499783537,29.711986724794148,-3.0277536894828287
543257,"Grossman, Robbie","R","R",29.58956878959891,27.326123218977305,34.776768538388325,-0.5707402082522723,39.786418745160766,10.196849955561857
687462,"Horwitz, Spencer","L","L",30.072960837369763,26.563530317490127,26.39260016876644,-2.984037321557147,30.198870138948177,0.12590930157841523
671056,"Herrera, Iván","R","R",28.182426172834894,30.326085908633022,37.49637671468734,-30.034073057911385,29.179326102888602,0.9968999300537097
624414,"Arroyo, Christian","R","R",26.63404802237239,28.98540901867302,34.392674101140415,-8.94286984997842,32.81011098476393,6.176062962391546
689172,"Wisely, Brett","L","L",21.0634093811336,24.93171518146398,20.706109597490368,-19.205409447217097,32.93197439925532,11.868565018121723
663368,"Perkins, Blake","L","L",24.95739332901993,27.71784328984627,40.938351819370425,-4.533876997105429,28.694444059288596,3.737050730268666
663616,"Larnach, Trevor","L","L",28.431827292164492,26.87777878868421,27.98028461168664,-23.442807514657016,31.930742065030234,3.498914772865747
572761,"Carpenter, Matt","L","L",32.53916072791316,26.22692025086673,16.400184479192795,-30.13836659836219,30.9014192155376,-1.6377415123755612
683737,"Busch, Michael","L","L",28.40781717180445,26.613971189400715,29.10826278068197,-5.975699342114441,33.51134521933911,5.103528047534661
623205,"Velazquez, Andrew","L","L",28.993336341169364,28.84258160940521,31.908878678610588,-9.916888331478516,23.434929368244177,-5.558406972925185
691406,"Caminero, Junior","R","R",27.800493346033804,29.33316514387571,27.631585763713577,-34.793187428940854,33.552718052959214,5.752224706925407
691783,"Lawlar, Jordan","R","R",31.281039846617897,28.483335371385266,28.762771783931733,-14.534776220281763,28.861427857397786,-2.4196119892201073
664057,"Stevenson, Andrew","L","L",32.627678106541666,26.853261380027828,34.3728448194785,-2.9980185604866616,27.513772600608075,-5.113905505933593
543305,"Hicks, Aaron","R","R",26.69709277829825,36.775439377159536,26.818636830104236,1.8647004662370994,29.92335401259034,3.226261234292095
663905,"Blankenhorn, Travis","L","L",28.784906579912022,27.280833711263444,33.382826991458444,-12.63507329876291,28.878250223386683,0.09334364347465796
664954,"Sullivan, Brett","L","L",30.3177649123836,27.606137508048974,27.614784198617865,-7.136039864037349,29.81557292523577,-0.5021919871478212
677008,"Kjerstad, Heston","L","L",31.23147924948546,27.64453859483207,24.907320012696943,-8.685425389955535,30.755961604620435,-0.47551764486502623
669087,"Huff, Sam","R","R",25.199272479188465,30.8867638684696,32.81244365463459,-10.135459897358817,33.98599603833113,8.786723559142663
605170,"Caratini, Victor","R","R",31.299406453892573,24.843778069388723,28.54795571010725,-17.202966092882463,33.32255284208543,2.0231463881928584
660766,"Yepez, Juan","R","R",31.472378806437487,24.91008605567546,31.27740990485297,-16.575735237554433,28.97421886835412,-2.498159938083364
666197,"Kessinger, Grae","R","R",26.652345947217277,28.435595422159334,37.40811996634854,-6.422537590134283,27.040012936169312,0.3876669889520362
606132,"Tapia, Raimel","L","L",23.724138464208576,32.12204831695785,34.86087062288003,-25.789161861762864,23.903092403645758,0.17895393943718219
691176,"Domínguez, Jasson","L","L",26.080898412734804,23.092180752427865,22.947247374843,-23.25880966473494,33.29194859987031,7.21105018713551
671083,"Kennedy, Buddy","R","R",28.60434552544472,27.533463812296443,33.450893405615936,-5.45046965601695,30.562630626663083,1.9582851012183595
621028,"Newman, Kevin","R","R",27.51367686060123,27.263934182637662,43.633803002965784,-0.8135460283209699,29.6228751831985,2.109198322597269
672695,"Perdomo, Geraldo","R","R",15.034661008259583,28.427752028953215,39.862108377249506,-1.7712454173273735,22.05846000608749,7.023798997827907
686452,"Millas, Drew","L","L",31.796809918609505,26.92533796687426,35.96754056879236,-29.545032077059403,23.240865495343527,-8.55594442326598
672744,"Canario, Alexander","R","R",32.357333173497906,27.32498005492196,20.86476035193499,-28.282141175050256,30.581314229792735,-1.7760189437051705
669742,"Hall, Darick","L","L",21.693924266831477,32.51487320520008,44.17803682205195,-4.980062676007463,25.04885108632043,3.3549268194889486
657247,"O'Keefe, Brian","R","R",22.067948806295355,31.508117625029268,25.17979295350164,-0.7539387529853914,29.285617872755992,7.217669066460643
660620,"Araúz, Jonathan","R","R",29.08846353470645,25.476234174573506,31.589502539721177,-10.467495472931198,36.17683659818596,7.088373063479507
641786,"Lewis, Kyle","R","R",23.663921615822023,28.621976640166444,32.73758986596958,4.798571883869993,32.43670692603802,8.772785310216008
641680,"Heim, Jonah","R","R",29.988303253681707,31.96178684182669,18.313710518332837,-10.290618790972253,26.19054864267608,-3.797754611005629
666185,"Carlson, Dylan","R","R",28.410678811252247,27.473204100942205,29.508174448151372,4.617298152612538,27.91661847327638,-0.49406033797586735
518735,"Grandal, Yasmani","R","R",27.366782271950537,30.58115711364411,31.20920443307177,1.5428704726682048,31.621419555742083,4.254637283791544
660644,"Bruján, Vidal","L","L",20.856305736488537,30.182444007205596,30.995756648293433,-5.645264385571115,28.259538846350274,7.403233109861739
691718,"Crow-Armstrong, Pete","L","L",20.331873879156056,29.183716491728454,18.325191152766788,10.477902492380691,27.7046777597029,7.372803880546845
663368,"Perkins, Blake","R","R",23.90228487456632,28.072473374691786,36.99017513874578,2.6806105185940523,22.12468747385075,-1.7775974007155755
642215,"Wilson, Weston","R","R",26.61091148434113,27.833173406899867,27.557067486916736,-13.877732950314304,30.045337235894653,3.4344257515535204
571466,"Barnhart, Tucker","L","L",31.054865612364125,28.943675640756812,20.40402042169046,-6.555300311605537,33.781469872876684,2.726604260512564
501659,"Almonte, Abraham","L","L",22.82175674890108,24.100973152042297,26.1738780488508,-25.191458286839207,34.674153831925665,11.852397083024588
666801,"Castro, Rodolfo","R","R",29.013735618626818,25.103500014109855,37.357497534845656,-9.379673077278472,35.48071789861367,6.46698227998685
665828,"Cabrera, Oswaldo","R","R",28.20840237863588,26.887252441999667,30.907558669880327,-11.447697708330283,30.072167291229533,1.863764912593647
672779,"Marcano, Tucupita","L","L",26.233576915194817,29.281542164118363,39.00351374001443,2.071907847483796,27.382520333046337,1.1489434178515174
670764,"Walls, Taylor","R","R",30.536239228994013,28.50210025610477,24.78299617719797,-20.05653507724341,34.500068152188184,3.9638289231941757
677551,"Franco, Wander","R","R",22.8663063147417,27.266152801879667,25.43690899659755,-19.73792451658232,26.99699867049702,4.130692355755324
686759,"Hopkins, TJ","R","R",27.725157141489362,29.048759643703036,26.599242456294057,-12.807098173690694,33.685841306628575,5.9606841651392175
572041,"Pollock, AJ","R","R",26.26108784970422,29.08454035496171,22.276240324759325,-12.610345338508408,34.54725948530921,8.286171635604994
666801,"Castro, Rodolfo","L","L",26.46741349639002,25.36644641450515,35.73500041466266,-9.983147191690474,29.70067411948397,3.2332606230939467
657088,"Wall, Forrest","L","L",27.606157764214878,27.56481665125498,35.16601478310798,-8.507321335158203,26.942944103832456,-0.6632136603824231
641645,"Guillorme, Luis","L","L",27.603234687183544,27.238282034526424,35.41577237280552,-8.21055689183289,22.37979823478597,-5.223436452397578
681962,"Capra, Vinny","R","R",31.875406726837443,28.94609826183887,34.37507339748923,-12.026180355406828,29.763521965331844,-2.1118847615056
516782,"Marte, Starling","R","R",17.485305515247667,27.594893840656418,38.482141353432965,0.8418206446289128,25.578852054383,8.093546539135328
681584,"Villar, David","R","R",32.877552123518704,31.599095907165115,22.37513319324863,-0.37467338942075135,31.547074460244716,-1.330477663273992
592325,"Gamel, Ben","L","L",31.54770801700715,28.596721485363616,30.32371942767635,-20.83648585174263,27.691984091703105,-3.8557239253040465
664059,"Haggerty, Sam","L","L",24.61279809932388,30.118375078620222,33.455528538464634,-4.855562085732424,29.656682974020608,5.043884874696733
595751,"Alfaro, Jorge","R","R",27.36799851226623,29.30432972197609,30.041263510570108,-16.298313727511193,28.835862026564495,1.467863514298265
676761,"Lopez, Irving","L","L",16.56101448461064,22.595194871463907,38.84370704985823,4.583464328433843,31.550791432808627,14.989776948197981
623205,"Velazquez, Andrew","R","R",30.024370522388985,28.84236424917758,29.428544804506995,-2.9223679830650844,24.617991945063473,-5.4063785773255155
656371,"Díaz, Isan","L","L",22.319667362162058,25.71139252321574,34.09743255703403,-8.3273901069336,39.06166748454737,16.742000122385317
676724,"Young, Jared","L","L",23.82283678656539,29.69667482365078,26.962246164239417,-4.256798072690094,26.88676292025266,3.063926133687274
622666,"Camargo, Johan","L","L",27.277556005800633,24.6583427051507,25.009630273640187,-8.579948821225972,33.19451917628259,5.916963170481953
642336,"Mejía, Francisco","L","L",26.722134361238687,24.70757279788014,21.034315314166783,-3.492136427546691,34.46228403326997,7.7401496720312775
608385,"Winker, Jesse","L","L",25.12735612388277,26.329607484064987,37.58512360328148,-5.667174685127322,30.243647940166078,5.116291816283303
680418,"Cropley, Tyler","R","R",34.62478883470904,27.825680652989043,15.969706777489336,-65.15520042380108,28.57593536572683,-6.048853468982207
669003,"Mitchell, Garrett","L","L",25.86763506315045,28.103765345621536,34.143420631090464,-11.874973502918555,23.4968959562643,-2.3707391068861448
578570,"Querecuto, Juniel","L","L",23.720193681342177,26.301113628759648,28.673188012907218,-17.986672647505905,32.27431893034425,8.554125249002071
623168,"Heineman, Tyler","L","L",30.784639657648324,27.145893264281565,27.489870534477994,-14.636733831035363,31.183061544844097,0.3984218871957734
676356,"DeLuca, Jonny","R","R",28.515957800328476,27.81444771192738,34.048098556929915,2.6360527303344896,31.859246181780577,3.3432883814521075
670128,"Kohlwey, Taylor","L","L",31.237186625679858,27.563241938900333,29.878913902754455,-21.51216291603194,27.3075171792542,-3.929669446425657
571980,"Naquin, Tyler","L","L",35.3712028745047,27.557914223506913,22.374779824272718,-10.61980291105188,31.972908147459528,-3.398294727045167
664029,"Mathias, Mark","R","R",30.00659023957618,29.95823460947937,32.600147413375325,-13.767658630962025,29.021123773017113,-0.9854664665590668
656976,"Smith, Pavin","L","L",31.258339582129743,30.343387370113607,29.444395470750873,-2.2740778287515293,32.83844608221777,1.5801065000880252
620443,"Torrens, Luis","R","R",29.011178873310616,26.799565103248188,30.460877358157944,-9.107035784944202,26.961567064495807,-2.0496118088148108
669364,"Edwards, Xavier","R","R",19.666416247092425,23.917994995426938,32.2972735919967,-7.78717023726292,25.076447959696043,5.410031712603618
543543,"Miller, Brad","L","L",17.193426527485023,28.35467170733678,22.618684505815615,-2.335987201508785,25.987521537043886,8.794095009558866
660634,"Hernández, Yonny","L","L",32.468680839882005,25.440138408980488,22.850853290462382,-13.9078703959576,29.353840069294797,-3.1148407705872088
686452,"Millas, Drew","R","R",28.341612205936528,25.476605823197506,33.56180421468612,-10.297645321948327,33.16798643247529,4.826374226538762
687093,"Grissom, Vaughn","R","R",29.702128335332606,25.398610821626434,37.55877737733302,-17.374607058364216,32.0777019333183,2.3755735979856993
614173,"Cordero, Franchy","L","L",27.388355363641992,26.32940582018269,36.209580731131524,-1.4118678985072266,32.34111012341693,4.952754759774943
645444,"Herrera, Jose","R","R",24.730285614431224,26.685278981118348,28.73243428792227,-13.956211326064269,32.358369048659235,7.628083434228012
663897,"Williams, Luke","R","R",29.9892635797414,27.79261544086963,29.806841872347515,-2.5427054374876703,35.46992473267706,5.480661152935664
592656,"Ramos, Henry","L","L",21.265492345065542,26.854420440102174,26.762871318418767,-12.41579827103653,35.2202473003133,13.95475495524775
647351,"Toro, Abraham","L","L",29.677740689661253,27.717698731026875,26.11760639092847,-10.586945070443699,39.078157805154966,9.400417115493706
663330,"Jones, Jahmai","R","R",26.539143638424836,33.01392748148509,28.002972634192204,2.2730030285555523,23.80368043930386,-2.735463199120968
622666,"Camargo, Johan","R","R",27.97144061251553,24.953013186437538,30.84745788541592,-9.890014562790975,40.04035332962266,12.068912717107132
656484,"Gray, Tristan","L","L",28.84047739643591,29.471442081765378,34.40158578908796,-8.89711304472955,27.06324237242116,-1.777235024014749
656185,"Allen, Greg","L","L",30.931927651174437,28.38893802841176,29.206766279268177,-2.0901084628540962,26.943338086683593,-3.9885895644908493
641525,"Dixon, Brandon","R","R",31.29033566903217,29.184388597614614,22.480650495765538,-8.928298309282654,31.397356534453234,0.10702086542106559
664770,"Lukes, Nathan","L","L",29.783896944439814,26.51768728516786,26.096085886052677,-4.228614784453717,20.235435837556036,-9.54846110688378
676632,"Madris, Bligh","L","L",30.719342513580717,28.34432095539556,39.187782668066625,-10.289375157539656,40.34233827330374,9.622995759723015
663698,"Bart, Joey","R","R",26.846760349670014,23.85323086048718,24.768449495055258,-6.893149257072263,33.932882065609284,7.086121715939273
680716,"Ornelas, Jonathan","R","R",12.75352144932251,25.37341686319689,16.997675655526606,-18.39848524008039,36.10636473865802,23.35284328933551
656403,"Ellis, Drew","R","R",28.685523213223664,28.970461425820012,32.3789856365905,-16.557893555423234,34.97437688642834,6.28885367320467
592656,"Ramos, Henry","R","R",24.12025186078519,28.878235320750075,25.215606575931744,-20.10803887645949,33.14077750325996,9.020525642474766
545350,"Marisnick, Jake","R","R",25.665176466833124,30.042550961737074,38.722894472950664,-21.286898130913887,30.11929790044131,4.45412143360819
686490,"Eden, Cam","R","R",30.308412057808034,29.489156333523116,32.00606235402424,4.6417151882743,23.01376951010617,-7.294642547701865
660644,"Bruján, Vidal","R","R",20.203807568663333,26.515773447234,31.463781943184184,-3.805416311126728,27.516316235439916,7.312508666776578
691176,"Domínguez, Jasson","R","R",24.830415429408763,25.805498997653203,22.392960429241157,-25.404377164613557,32.30389923017469,7.473483800765925
543281,"Harrison, Josh","R","R",32.43823488661329,26.762762758614144,16.561682993030182,-32.79756963030141,25.970251612464192,-6.467983274149095
578570,"Querecuto, Juniel","R","R",28.982922195573877,27.53991258399299,29.10942521685319,-10.384708308849387,34.4624120385421,5.479489842968224
669023,"Downs, Jeter","R","R",31.934570653423933,29.110790218455936,27.02191825643235,-30.08034048738841,34.65631987382426,2.7217492204003286
596059,"Odor, Rougned","L","L",18.100087573513314,27.438709615714746,32.53083725810677,-23.35624149315578,31.809333272953292,13.709245699439975
624431,"Trevino, Jose","R","R",18.1185014866405,31.018994535511194,26.837962537491194,-10.811260801912898,25.379199079378548,7.26069759273805
641470,"Collins, Zack","L","L",26.21748907375451,28.779438360377977,40.92972968032253,-0.5254505259077312,22.333601859434793,-3.883887214319717
545361,"Trout, Mike","R","R",30.917006196826016,27.221125667949305,26.67188612383956,-11.208277231637195,18.867755941917522,-12.049250254908491
682073,"Hensley, David","R","R",21.62584644956662,31.530584739928244,45.289442829223674,-4.272839287137536,28.841572217327876,7.215725767761258
660634,"Hernández, Yonny","R","R",30.04449693013311,25.318839942327507,27.13199441200473,-2.6472822829651337,30.734329067254766,0.6898321371216604
672279,"Siani, Michael","L","L",26.547093234366855,27.247212329976477,31.344912757761247,-25.364090922173844,37.92328598875917,11.37619275439232
623168,"Heineman, Tyler","R","R",29.497960375847654,29.262446242447847,27.826985702551262,-4.578429395662474,29.270451196961762,-0.22750917888589317
657061,"Tucker, Cole","L","L",28.04857984044371,33.05358391442611,30.445965225032747,2.7378239501599166,27.383611250516154,-0.6649685899275559
657061,"Tucker, Cole","R","R",29.89427120351252,28.602300436000785,31.440632259711705,-7.224167514287261,21.529817843363222,-8.364453360149302
666152,"Hamilton, David","L","L",24.426589241162795,26.920168412298125,20.145368617963392,-2.36181763583703,38.6538632674174,14.227274026254605
425794,"Wainwright, Adam","R","R",15.450065977913429,29.50580118212983,32.67518389362752,-10.705675773015116,20.511314714986284,5.061248737072855
656185,"Allen, Greg","R","R",25.46707344322457,29.587339385336488,30.253920083885234,-6.73817186185369,36.322609244894295,10.855535801669717
656541,"Hilliard, Sam","L","L",26.80901407928691,28.81328796764944,25.764785180193275,-27.711038768319796,26.76850459301574,-0.04050948627117057
543592,"Nola, Austin","R","R",28.00595930323647,26.903755705509983,30.147618935146596,-7.099435171651421,20.21404276946557,-7.791916533770895
592200,"Casali, Curt","R","R",25.59861772543844,26.152673926283434,35.35276443728404,-9.470538442190007,36.645182423889594,11.046564698451158
501659,"Almonte, Abraham","R","R",31.471276156714538,27.456904876138317,31.159916668001188,-12.885136960714684,43.67247739561538,12.201201238900845
669200,"McCoy, Mason","R","R",28.685433047429445,32.01837126402562,32.15585267996605,-7.8988415070404505,14.73286101566528,-13.952572031764163
518586,"Culberson, Charlie","R","R",32.003037092846974,27.985454253884317,35.03630947399184,-7.564983935551864,29.232767630913333,-2.7702694619336405
666211,"Trammell, Taylor","L","L",32.20015892733196,27.411250622973217,26.017807411393402,-35.5588438060725,47.43456409098849,15.23440516365653
664670,"Lopez, Alejo","R","R",25.93765944468636,27.054713919287867,35.754232611442006,0.19246138448923078,18.78267486022886,-7.154984584457503
642336,"Mejía, Francisco","R","R",31.1472652082211,27.637724361608523,23.45583633517191,-24.81914484376252,34.74679762553512,3.599532417314027
660636,"Castillo, Diego","R","R",28.573779057785856,24.271634324688506,25.13403093815236,-10.697795002092944,26.696196020901183,-1.8775830368846744
605421,"Pérez, Michael","L","L",30.627278878649264,28.720796970221045,26.38209661114901,-5.130487228465527,22.131084077554565,-8.496194801094699
676882,"Seagle, Chandler","R","R",30.227290045540208,26.27734302059841,,,25.44682655094603,-4.78046349459418