"last_name, first_name","player_id","year","pa","bip","ba","est_ba","est_ba_minus_ba_diff","slg","est_slg","est_slg_minus_slg_diff","woba","est_woba","est_woba_minus_woba_diff"
"Lindor, Francisco","596019","2025","732","520",0.267,0.269,-0.0020000000000000018,0.466,0.469,-0.002999999999999947,0.35,0.355,-0.0050000000000000044
"Devers, Rafael","646240","2025","729","419",0.252,0.256,-0.0040000000000000036,0.479,0.504,-0.025000000000000022,0.365,0.378,-0.013000000000000012
"Ohtani, Shohei","660271","2025","727","426",0.282,0.288,-0.006000000000000005,0.622,0.672,-0.050000000000000044,0.418,0.439,-0.02100000000000002
"Olson, Matt","621566","2025","724","453",0.272,0.262,0.010000000000000009,0.484,0.506,-0.02200000000000002,0.366,0.371,-0.0050000000000000044
"Schwarber, Kyle","656941","2025","724","408",0.24,0.263,-0.02300000000000002,0.563,0.601,-0.038000000000000034,0.391,0.414,-0.022999999999999965
"Perdomo, Geraldo","672695","2025","720","533",0.29,0.285,0.0050000000000000044,0.462,0.432,0.030000000000000027,0.37,0.361,0.009000000000000008
"Soto, Juan","665742","2025","715","447",0.263,0.3,-0.03699999999999998,0.525,0.628,-0.10299999999999998,0.39,0.441,-0.05099999999999999
"Rodríguez, Julio","677594","2025","710","502",0.267,0.284,-0.01699999999999996,0.474,0.495,-0.02100000000000002,0.341,0.357,-0.01599999999999996
"Arozarena, Randy","668227","2025","709","427",0.238,0.238,0,0.426,0.43,-0.0040000000000000036,0.332,0.336,-0.0040000000000000036
"Alonso, Pete","624413","2025","709","471",0.272,0.288,-0.01599999999999996,0.524,0.592,-0.06799999999999995,0.368,0.399,-0.031000000000000028
"Raleigh, Cal","663728","2025","705","411",0.247,0.244,0.0030000000000000027,0.589,0.568,0.02100000000000002,0.392,0.384,0.008000000000000007
"Rooker, Brent","667670","2025","699","473",0.262,0.274,-0.01200000000000001,0.479,0.508,-0.029000000000000026,0.349,0.364,-0.015000000000000013
"De La Cruz, Elly","682829","2025","699","449",0.264,0.26,0.0040000000000000036,0.44,0.436,0.0040000000000000036,0.333,0.33,0.0030000000000000027
"Duran, Jarren","680776","2025","696","455",0.256,0.258,-0.0020000000000000018,0.442,0.42,0.02200000000000002,0.335,0.333,0.0020000000000000018
"Ramos, Heliot","671218","2025","695","468",0.256,0.254,0.0020000000000000018,0.4,0.43,-0.02999999999999997,0.319,0.329,-0.010000000000000009
"Kwan, Steven","680757","2025","693","575",0.272,0.279,-0.007000000000000006,0.374,0.371,0.0030000000000000027,0.31,0.313,-0.0030000000000000027
"Tatis Jr., Fernando","665487","2025","691","467",0.268,0.283,-0.014999999999999958,0.446,0.506,-0.06,0.353,0.381,-0.028000000000000025
"Wood, James","695578","2025","689","380",0.256,0.269,-0.013000000000000012,0.475,0.504,-0.029000000000000026,0.353,0.368,-0.015000000000000013
"Witt Jr., Bobby","677951","2025","687","505",0.295,0.299,-0.0040000000000000036,0.501,0.521,-0.020000000000000018,0.36,0.377,-0.017000000000000015
"Adames, Willy","642715","2025","686","421",0.225,0.235,-0.009999999999999981,0.421,0.452,-0.031000000000000028,0.321,0.338,-0.017000000000000015
"Friedl, TJ","670770","2025","685","473",0.261,0.237,0.02400000000000002,0.378,0.328,0.04999999999999999,0.333,0.307,0.026000000000000023
"Pasquantino, Vinnie","686469","2025","682","519",0.264,0.271,-0.007000000000000006,0.475,0.479,-0.0040000000000000036,0.34,0.345,-0.004999999999999949
"Guerrero Jr., Vladimir","665489","2025","680","499",0.292,0.315,-0.02300000000000002,0.467,0.521,-0.05399999999999999,0.366,0.396,-0.030000000000000027
"Judge, Aaron","592450","2025","679","388",0.331,0.315,0.016000000000000014,0.688,0.735,-0.04700000000000004,0.463,0.476,-0.012999999999999956
"Machado, Manny","592518","2025","678","489",0.275,0.282,-0.006999999999999951,0.46,0.511,-0.05099999999999999,0.341,0.366,-0.024999999999999967
"Arraez, Luis","650333","2025","675","618",0.292,0.289,0.0030000000000000027,0.392,0.364,0.028000000000000025,0.313,0.303,0.010000000000000009
"Ramírez, José","608070","2025","673","525",0.283,0.294,-0.01100000000000001,0.503,0.46,0.04299999999999998,0.359,0.351,0.008000000000000007
"Albies, Ozzie","645277","2025","667","514",0.24,0.247,-0.007000000000000006,0.365,0.375,-0.010000000000000009,0.295,0.303,-0.008000000000000007
"Garcia, Maikel","672580","2025","666","519",0.286,0.287,-0.0010000000000000009,0.449,0.437,0.01200000000000001,0.347,0.345,0.0020000000000000018
"Betts, Mookie","605141","2025","663","531",0.258,0.276,-0.018000000000000016,0.406,0.435,-0.02899999999999997,0.318,0.338,-0.020000000000000018
"Happ, Ian","664023","2025","663","423",0.243,0.267,-0.02400000000000002,0.42,0.472,-0.05199999999999999,0.333,0.363,-0.02999999999999997
"Ward, Taylor","621493","2025","663","410",0.228,0.242,-0.013999999999999985,0.475,0.465,0.009999999999999953,0.339,0.342,-0.0030000000000000027
"Turang, Brice","668930","2025","659","441",0.288,0.268,0.019999999999999962,0.435,0.441,-0.006000000000000005,0.346,0.342,0.003999999999999948
"Contreras, William","661388","2025","659","452",0.26,0.264,-0.0040000000000000036,0.399,0.409,-0.009999999999999953,0.332,0.34,-0.008000000000000007
"Suárez, Eugenio","553993","2025","657","399",0.228,0.217,0.01100000000000001,0.526,0.468,0.057999999999999996,0.347,0.324,0.022999999999999965
"Bellinger, Cody","641355","2025","656","507",0.272,0.261,0.01100000000000001,0.48,0.436,0.043999999999999984,0.347,0.332,0.014999999999999958
"Greene, Riley","682985","2025","655","404",0.258,0.25,0.008000000000000007,0.493,0.516,-0.02300000000000002,0.343,0.347,-0.003999999999999948
"Altuve, Jose","514888","2025","654","486",0.265,0.245,0.020000000000000018,0.442,0.394,0.04799999999999999,0.331,0.306,0.025000000000000022
"Story, Trevor","596115","2025","654","438",0.263,0.256,0.007000000000000006,0.433,0.428,0.0050000000000000044,0.32,0.317,0.0030000000000000027
"Reynolds, Bryan","668804","2025","654","417",0.245,0.271,-0.026000000000000023,0.402,0.466,-0.064,0.315,0.349,-0.033999999999999975
"Crawford, J.P.","641487","2025","654","455",0.265,0.273,-0.008000000000000007,0.37,0.396,-0.026000000000000023,0.322,0.335,-0.013000000000000012
"Caminero, Junior","691406","2025","653","484",0.264,0.269,-0.0050000000000000044,0.535,0.52,0.015000000000000013,0.357,0.359,-0.0020000000000000018
"Nimmo, Brandon","607043","2025","652","454",0.262,0.262,0,0.436,0.434,0.0020000000000000018,0.329,0.331,-0.0020000000000000018
"Díaz, Yandy","650490","2025","651","496",0.3,0.296,0.0040000000000000036,0.482,0.473,0.009000000000000008,0.364,0.363,0.0010000000000000009
"Suzuki, Seiya","673548","2025","651","415",0.245,0.262,-0.017000000000000015,0.478,0.511,-0.03300000000000003,0.343,0.365,-0.021999999999999964
"Henderson, Gunnar","683002","2025","651","445",0.274,0.285,-0.010999999999999954,0.438,0.433,0.0050000000000000044,0.339,0.348,-0.008999999999999952
"Hoerner, Nico","663538","2025","649","554",0.297,0.298,-0.0010000000000000009,0.394,0.398,-0.0040000000000000036,0.324,0.327,-0.0030000000000000027
"Holliday, Jackson","702616","2025","649","447",0.242,0.251,-0.009000000000000008,0.375,0.416,-0.04099999999999998,0.304,0.322,-0.018000000000000016
"Torkelson, Spencer","679529","2025","649","399",0.24,0.237,0.0030000000000000027,0.456,0.476,-0.019999999999999962,0.339,0.346,-0.006999999999999951
"Crow-Armstrong, Pete","691718","2025","647","454",0.247,0.255,-0.008000000000000007,0.481,0.496,-0.015000000000000013,0.323,0.334,-0.01100000000000001
"Swanson, Dansby","621020","2025","645","428",0.244,0.276,-0.03200000000000003,0.417,0.497,-0.08000000000000002,0.31,0.355,-0.044999999999999984
"Yelich, Christian","592885","2025","644","407",0.264,0.255,0.009000000000000008,0.452,0.459,-0.007000000000000006,0.343,0.341,0.0020000000000000018
"Carroll, Corbin","682998","2025","642","415",0.259,0.274,-0.015000000000000013,0.541,0.545,-0.0040000000000000036,0.371,0.383,-0.01200000000000001
"Perez, Salvador","521692","2025","641","473",0.236,0.279,-0.04300000000000004,0.446,0.543,-0.09700000000000003,0.311,0.365,-0.05399999999999999
"Harris II, Michael","671739","2025","641","494",0.249,0.277,-0.028000000000000025,0.409,0.45,-0.041000000000000036,0.289,0.323,-0.03400000000000003
"Walker, Christian","572233","2025","640","412",0.238,0.243,-0.0050000000000000044,0.421,0.444,-0.02300000000000002,0.31,0.322,-0.01200000000000001
"Turner, Trea","607208","2025","639","484",0.304,0.278,0.025999999999999968,0.457,0.416,0.041000000000000036,0.352,0.325,0.02699999999999997
"Abrams, CJ","682928","2025","635","459",0.257,0.256,0.0010000000000000009,0.433,0.415,0.018000000000000016,0.324,0.318,0.006000000000000005
"Butler, Lawrence","671732","2025","630","392",0.234,0.237,-0.002999999999999975,0.404,0.404,0,0.31,0.312,-0.0020000000000000018
"Bichette, Bo","666182","2025","628","494",0.311,0.307,0.0040000000000000036,0.483,0.489,-0.006000000000000005,0.361,0.364,-0.0030000000000000027
"Torres, Gleyber","650402","2025","628","438",0.256,0.278,-0.02200000000000002,0.387,0.473,-0.08599999999999997,0.332,0.371,-0.03899999999999998
"Freeman, Freddie","518692","2025","627","433",0.295,0.275,0.019999999999999962,0.502,0.479,0.02300000000000002,0.37,0.357,0.013000000000000012
"Pages, Andy","681624","2025","624","452",0.272,0.266,0.006000000000000005,0.461,0.443,0.018000000000000016,0.332,0.325,0.007000000000000006
"Soderstrom, Tyler","691016","2025","624","422",0.276,0.272,0.0040000000000000036,0.474,0.471,0.0030000000000000027,0.354,0.352,0.0020000000000000018
"Edwards, Xavier","669364","2025","619","479",0.283,0.265,0.01799999999999996,0.353,0.334,0.01899999999999996,0.308,0.296,0.01200000000000001
"Lee, Jung Hoo","808982","2025","617","493",0.266,0.283,-0.01699999999999996,0.407,0.391,0.01599999999999996,0.32,0.325,-0.0050000000000000044
"Lowe, Nathaniel","663993","2025","609","386",0.228,0.237,-0.00899999999999998,0.381,0.385,-0.0040000000000000036,0.301,0.311,-0.010000000000000009
"Naylor, Josh","647304","2025","604","465",0.295,0.277,0.01799999999999996,0.462,0.439,0.02300000000000002,0.351,0.339,0.011999999999999955
"Tucker, Kyle","663656","2025","597","416",0.266,0.282,-0.01599999999999996,0.464,0.5,-0.035999999999999976,0.363,0.382,-0.019000000000000017
"Volpe, Anthony","683011","2025","596","399",0.212,0.233,-0.02100000000000002,0.391,0.417,-0.025999999999999968,0.286,0.31,-0.02400000000000002
"Lopez, Otto","672640","2025","594","465",0.246,0.279,-0.03300000000000003,0.368,0.447,-0.07900000000000001,0.295,0.339,-0.04400000000000004
"Frelick, Sal","686217","2025","594","456",0.288,0.263,0.024999999999999967,0.405,0.351,0.05400000000000005,0.332,0.306,0.026000000000000023
"Busch, Michael","683737","2025","592","387",0.261,0.275,-0.014000000000000012,0.523,0.569,-0.04599999999999993,0.369,0.392,-0.02300000000000002
"Ozuna, Marcell","542303","2025","592","350",0.232,0.249,-0.016999999999999987,0.4,0.464,-0.064,0.334,0.362,-0.02799999999999997
"Castellanos, Nick","592206","2025","589","420",0.25,0.251,-0.0010000000000000009,0.4,0.419,-0.01899999999999996,0.3,0.31,-0.010000000000000009
"Chourio, Jackson","694192","2025","589","435",0.27,0.26,0.010000000000000009,0.463,0.442,0.02100000000000002,0.328,0.319,0.009000000000000008
"Beck, Jordan","687597","2025","588","366",0.258,0.24,0.018000000000000016,0.416,0.405,0.010999999999999954,0.319,0.309,0.010000000000000009
"Clement, Ernie","676391","2025","588","496",0.277,0.268,0.009000000000000008,0.398,0.368,0.030000000000000027,0.308,0.296,0.01200000000000001
"Rafaela, Ceddanne","678882","2025","587","434",0.249,0.252,-0.0030000000000000027,0.414,0.426,-0.01200000000000001,0.307,0.313,-0.006000000000000005
"McMahon, Ryan","641857","2025","586","323",0.214,0.229,-0.015000000000000013,0.381,0.438,-0.056999999999999995,0.306,0.333,-0.027000000000000024
"Springer, George","543807","2025","586","391",0.309,0.303,0.006000000000000005,0.56,0.592,-0.03199999999999992,0.408,0.417,-0.009000000000000008
"Ramírez, Agustín","682663","2025","585","428",0.231,0.27,-0.03900000000000001,0.413,0.466,-0.05300000000000005,0.302,0.34,-0.038000000000000034
"Correa, Carlos","621043","2025","584","425",0.276,0.287,-0.010999999999999954,0.402,0.449,-0.046999999999999986,0.322,0.345,-0.022999999999999965
"Nootbaar, Lars","663457","2025","583","394",0.234,0.241,-0.0069999999999999785,0.361,0.407,-0.045999999999999985,0.304,0.324,-0.020000000000000018
"Grisham, Trent","663757","2025","581","358",0.235,0.257,-0.02200000000000002,0.464,0.509,-0.044999999999999984,0.353,0.377,-0.02400000000000002
"Harper, Bryce","547180","2025","580","383",0.261,0.28,-0.019000000000000017,0.487,0.512,-0.025000000000000022,0.361,0.379,-0.018000000000000016
"Goodman, Hunter","696100","2025","579","390",0.278,0.254,0.02400000000000002,0.52,0.476,0.04400000000000004,0.359,0.332,0.02699999999999997
"McLain, Matt","680574","2025","577","350",0.22,0.218,0.0020000000000000018,0.343,0.363,-0.019999999999999962,0.286,0.294,-0.008000000000000007
"Langford, Wyatt","694671","2025","573","343",0.241,0.247,-0.006000000000000005,0.431,0.456,-0.025000000000000022,0.337,0.353,-0.01599999999999996
"Adell, Jo","666176","2025","573","376",0.236,0.273,-0.03700000000000003,0.485,0.565,-0.07999999999999996,0.333,0.378,-0.044999999999999984
"Hayes, Ke'Bryan","663647","2025","570","418",0.235,0.245,-0.010000000000000009,0.306,0.35,-0.043999999999999984,0.266,0.287,-0.020999999999999963
"Vargas, Miguel","678246","2025","569","407",0.234,0.248,-0.013999999999999985,0.401,0.418,-0.01699999999999996,0.314,0.327,-0.013000000000000012
"Steer, Spencer","668715","2025","568","383",0.238,0.226,0.011999999999999983,0.411,0.373,0.03799999999999998,0.316,0.3,0.016000000000000014
"Diaz, Yainer","673237","2025","567","450",0.256,0.279,-0.02300000000000002,0.417,0.488,-0.07100000000000001,0.3,0.34,-0.040000000000000036
"India, Jonathan","663697","2025","567","394",0.233,0.247,-0.013999999999999985,0.346,0.387,-0.041000000000000036,0.301,0.322,-0.02100000000000002
"Larnach, Trevor","663616","2025","567","387",0.25,0.253,-0.0030000000000000027,0.404,0.407,-0.002999999999999947,0.317,0.32,-0.0030000000000000027
"Schanuel, Nolan","694384","2025","564","424",0.264,0.269,-0.0050000000000000044,0.389,0.398,-0.009000000000000008,0.327,0.333,-0.006000000000000005
"Contreras, Willson","575929","2025","563","353",0.257,0.268,-0.01100000000000001,0.447,0.506,-0.059,0.344,0.369,-0.025000000000000022
"Smith, Josh","669701","2025","563","399",0.251,0.257,-0.006000000000000005,0.366,0.38,-0.014000000000000012,0.311,0.319,-0.008000000000000007
"Stott, Bryson","681082","2025","560","414",0.257,0.252,0.0050000000000000044,0.391,0.4,-0.009000000000000008,0.315,0.318,-0.0030000000000000027
"Yastrzemski, Mike","573262","2025","558","376",0.233,0.246,-0.012999999999999984,0.403,0.429,-0.025999999999999968,0.321,0.336,-0.015000000000000013
"Marte, Ketel","606466","2025","556","400",0.283,0.298,-0.015000000000000013,0.517,0.548,-0.031000000000000028,0.381,0.4,-0.019000000000000017
"Trout, Mike","545361","2025","556","284",0.232,0.246,-0.013999999999999985,0.439,0.49,-0.05099999999999999,0.343,0.368,-0.024999999999999967
"Neto, Zach","687263","2025","554","358",0.257,0.261,-0.0040000000000000036,0.474,0.51,-0.03600000000000003,0.337,0.355,-0.01799999999999996
"Lowe, Brandon","664040","2025","553","364",0.256,0.264,-0.008000000000000007,0.477,0.498,-0.02100000000000002,0.334,0.347,-0.012999999999999956
"Bogaerts, Xander","593428","2025","552","406",0.263,0.277,-0.014000000000000012,0.391,0.425,-0.033999999999999975,0.313,0.335,-0.02200000000000002
"McCutchen, Andrew","457705","2025","551","362",0.239,0.267,-0.028000000000000025,0.367,0.429,-0.062,0.309,0.342,-0.03300000000000003
"Realmuto, J.T.","592663","2025","550","376",0.257,0.261,-0.0040000000000000036,0.384,0.422,-0.03799999999999998,0.307,0.323,-0.016000000000000014
"García, Adolis","666969","2025","547","379",0.227,0.244,-0.016999999999999987,0.394,0.444,-0.04999999999999999,0.286,0.315,-0.029000000000000026
"Hernández, Teoscar","606192","2025","546","382",0.247,0.259,-0.01200000000000001,0.454,0.461,-0.007000000000000006,0.315,0.331,-0.016000000000000014
"Gurriel Jr., Lourdes","666971","2025","546","433",0.248,0.264,-0.016000000000000014,0.418,0.426,-0.008000000000000007,0.307,0.32,-0.013000000000000012
"Burleson, Alec","676475","2025","546","423",0.29,0.28,0.009999999999999953,0.459,0.478,-0.01899999999999996,0.346,0.352,-0.006000000000000005
"Sheets, Gavin","657757","2025","545","389",0.252,0.272,-0.020000000000000018,0.429,0.463,-0.03400000000000003,0.323,0.347,-0.023999999999999966
"Cruz, Oneil","665833","2025","544","302",0.2,0.229,-0.028999999999999998,0.378,0.437,-0.059,0.295,0.333,-0.038000000000000034
"O'Hearn, Ryan","656811","2025","544","369",0.281,0.278,0.0030000000000000027,0.437,0.441,-0.0040000000000000036,0.349,0.35,-0.0010000000000000009
"Sosa, Lenyn","672820","2025","544","395",0.264,0.275,-0.01100000000000001,0.434,0.484,-0.04999999999999999,0.313,0.338,-0.025000000000000022
"Peña, Jeremy","665161","2025","543","403",0.304,0.28,0.023999999999999966,0.477,0.448,0.02899999999999997,0.363,0.344,0.019000000000000017
"Buxton, Byron","621439","2025","542","346",0.264,0.259,0.0050000000000000044,0.551,0.534,0.017000000000000015,0.367,0.362,0.0050000000000000044
"Rengifo, Luis","650859","2025","541","401",0.238,0.265,-0.027000000000000024,0.335,0.382,-0.046999999999999986,0.275,0.305,-0.02999999999999997
"Doyle, Brenton","686668","2025","538","370",0.233,0.249,-0.015999999999999986,0.376,0.422,-0.045999999999999985,0.282,0.307,-0.025000000000000022
"Winn, Masyn","691026","2025","537","393",0.253,0.245,0.008000000000000007,0.363,0.352,0.01100000000000001,0.297,0.29,0.007000000000000006
"Chapman, Matt","656305","2025","535","332",0.231,0.254,-0.022999999999999993,0.43,0.439,-0.009000000000000008,0.336,0.351,-0.014999999999999958
"Goldschmidt, Paul","502671","2025","534","391",0.274,0.273,0.0010000000000000009,0.403,0.455,-0.05199999999999999,0.316,0.334,-0.018000000000000016
"Semien, Marcus","543760","2025","534","386",0.23,0.252,-0.021999999999999992,0.364,0.409,-0.044999999999999984,0.295,0.325,-0.030000000000000027
"Bell, Josh","605137","2025","533","383",0.237,0.27,-0.03300000000000003,0.417,0.497,-0.08000000000000002,0.324,0.37,-0.045999999999999985
"Chisholm Jr., Jazz","665862","2025","531","319",0.242,0.245,-0.0030000000000000027,0.481,0.503,-0.02200000000000002,0.349,0.358,-0.009000000000000008
"Manzardo, Kyle","700932","2025","531","340",0.234,0.231,0.0030000000000000027,0.455,0.458,-0.0030000000000000027,0.329,0.331,-0.0020000000000000018
"Rice, Ben","700250","2025","530","369",0.255,0.299,-0.043999999999999984,0.499,0.581,-0.08199999999999996,0.358,0.41,-0.05199999999999999
"Lee, Brooks","686797","2025","527","400",0.236,0.24,-0.0040000000000000036,0.37,0.379,-0.009000000000000008,0.286,0.294,-0.008000000000000007
"García Jr., Luis","671277","2025","526","413",0.252,0.291,-0.03899999999999998,0.412,0.481,-0.069,0.3,0.348,-0.04799999999999999
"Polanco, Jorge","593871","2025","524","397",0.265,0.276,-0.01100000000000001,0.495,0.472,0.02300000000000002,0.35,0.349,0.0010000000000000009
"Langeliers, Shea","669127","2025","523","383",0.277,0.263,0.014000000000000012,0.536,0.476,0.06000000000000005,0.364,0.338,0.025999999999999968
"Wilson, Jacob","805779","2025","523","450",0.311,0.281,0.02999999999999997,0.444,0.367,0.07700000000000001,0.348,0.307,0.04099999999999998
"Donovan, Brendan","680977","2025","515","399",0.287,0.292,-0.0050000000000000044,0.422,0.462,-0.040000000000000036,0.337,0.356,-0.01899999999999996
"Cronenworth, Jake","630105","2025","515","323",0.246,0.232,0.013999999999999985,0.377,0.36,0.017000000000000015,0.333,0.324,0.009000000000000008
"Wagaman, Eric","676572","2025","514","381",0.25,0.271,-0.02100000000000002,0.378,0.437,-0.059,0.293,0.326,-0.03300000000000003
"Jung, Josh","673962","2025","511","353",0.251,0.254,-0.0030000000000000027,0.39,0.423,-0.032999999999999974,0.298,0.311,-0.013000000000000012
"McKinstry, Zach","656716","2025","511","347",0.259,0.252,0.007000000000000006,0.438,0.361,0.07700000000000001,0.333,0.308,0.025000000000000022
"Kirk, Alejandro","672386","2025","506","398",0.282,0.29,-0.008000000000000007,0.421,0.491,-0.07,0.334,0.368,-0.033999999999999975
"Durbin, Caleb","702332","2025","506","402",0.256,0.26,-0.0040000000000000036,0.387,0.369,0.018000000000000016,0.319,0.316,0.0030000000000000027
"Ortiz, Joey","687401","2025","506","402",0.23,0.25,-0.01999999999999999,0.317,0.332,-0.015000000000000013,0.263,0.278,-0.015000000000000013
"Meidroth, Chase","805367","2025","505","382",0.253,0.256,-0.0030000000000000027,0.32,0.333,-0.013000000000000012,0.294,0.3,-0.006000000000000005
"Bohm, Alec","664761","2025","504","388",0.287,0.284,0.0030000000000000027,0.409,0.426,-0.017000000000000015,0.322,0.332,-0.010000000000000009
"Lux, Gavin","666158","2025","503","333",0.269,0.248,0.02100000000000002,0.374,0.34,0.033999999999999975,0.322,0.302,0.020000000000000018
"Barger, Addison","680718","2025","502","341",0.243,0.268,-0.025000000000000022,0.454,0.477,-0.022999999999999965,0.322,0.342,-0.020000000000000018
"Bader, Harrison","664056","2025","501","315",0.277,0.229,0.048000000000000015,0.449,0.383,0.066,0.346,0.303,0.04299999999999998
"Mullins, Cedric","656775","2025","498","324",0.216,0.215,0.0010000000000000009,0.391,0.351,0.040000000000000036,0.302,0.291,0.01100000000000001
"Sánchez, Jesús","660821","2025","497","343",0.237,0.253,-0.016000000000000014,0.395,0.455,-0.06,0.304,0.333,-0.029000000000000026
"Bregman, Alex","608324","2025","495","365",0.273,0.263,0.010000000000000009,0.462,0.44,0.02200000000000002,0.356,0.345,0.01100000000000001
"Smith, Cam","701358","2025","493","306",0.236,0.242,-0.006000000000000005,0.358,0.384,-0.026000000000000023,0.298,0.31,-0.01200000000000001
"France, Ty","664034","2025","490","364",0.257,0.268,-0.01100000000000001,0.36,0.438,-0.07800000000000001,0.302,0.337,-0.03500000000000003
"Kurtz, Nick","701762","2025","489","272",0.29,0.255,0.034999999999999976,0.619,0.55,0.06899999999999995,0.419,0.382,0.03699999999999998
"Laureano, Ramón","657656","2025","488","326",0.281,0.282,-0.0009999999999999454,0.512,0.531,-0.019000000000000017,0.364,0.372,-0.008000000000000007
"Conforto, Michael","624424","2025","486","300",0.199,0.246,-0.046999999999999986,0.333,0.428,-0.09499999999999997,0.287,0.341,-0.05400000000000005
"Martínez, Angel","682657","2025","484","345",0.224,0.222,0.0020000000000000018,0.359,0.325,0.033999999999999975,0.274,0.262,0.01200000000000001
"Merrill, Jackson","701538","2025","483","338",0.264,0.279,-0.015000000000000013,0.457,0.515,-0.057999999999999996,0.331,0.363,-0.03199999999999997
"Kepler, Max","596146","2025","474","329",0.216,0.254,-0.038000000000000006,0.391,0.455,-0.064,0.3,0.34,-0.040000000000000036
"Santana, Carlos","467793","2025","474","328",0.219,0.222,-0.0030000000000000027,0.325,0.349,-0.023999999999999966,0.284,0.294,-0.010000000000000009
"Arias, Gabriel","672356","2025","471","275",0.22,0.222,-0.0020000000000000018,0.363,0.398,-0.03500000000000003,0.278,0.295,-0.01699999999999996
"Benintendi, Andrew","643217","2025","470","344",0.24,0.244,-0.0040000000000000036,0.431,0.45,-0.019000000000000017,0.317,0.331,-0.014000000000000012
"Thomas, Alek","677950","2025","469","321",0.249,0.25,-0.0010000000000000009,0.37,0.381,-0.01100000000000001,0.287,0.295,-0.008000000000000007
"Dingler, Dillon","693307","2025","469","326",0.278,0.301,-0.022999999999999965,0.425,0.487,-0.062,0.326,0.36,-0.033999999999999975
"Keith, Colt","690993","2025","468","316",0.256,0.267,-0.01100000000000001,0.413,0.457,-0.04400000000000004,0.326,0.351,-0.024999999999999967
"Jeffers, Ryan","680777","2025","464","316",0.266,0.253,0.013000000000000012,0.397,0.409,-0.011999999999999955,0.333,0.332,0.0010000000000000009
"Carpenter, Kerry","681481","2025","464","329",0.252,0.263,-0.01100000000000001,0.497,0.512,-0.015000000000000013,0.335,0.347,-0.011999999999999955
"Scott II, Victor","687363","2025","463","300",0.216,0.23,-0.014000000000000012,0.296,0.318,-0.02200000000000002,0.274,0.289,-0.014999999999999958
"Vientos, Mark","668901","2025","463","313",0.233,0.252,-0.01899999999999999,0.413,0.438,-0.025000000000000022,0.303,0.325,-0.02200000000000002
"Flores, Wilmer","527038","2025","463","334",0.241,0.229,0.011999999999999983,0.379,0.342,0.03699999999999998,0.302,0.286,0.016000000000000014
"McNeil, Jeff","643446","2025","462","350",0.243,0.272,-0.029000000000000026,0.411,0.401,0.009999999999999953,0.324,0.334,-0.010000000000000009
"Moniak, Mickey","666160","2025","461","327",0.27,0.277,-0.007000000000000006,0.518,0.519,-0.0010000000000000009,0.348,0.352,-0.0040000000000000036
"Kiner-Falefa, Isiah","643396","2025","459","360",0.262,0.249,0.013000000000000012,0.334,0.311,0.02300000000000002,0.279,0.266,0.013000000000000012
"Frazier, Adam","624428","2025","459","344",0.267,0.249,0.018000000000000016,0.365,0.335,0.02999999999999997,0.3,0.281,0.01899999999999996
"Stowers, Kyle","669065","2025","457","279",0.288,0.278,0.009999999999999953,0.544,0.553,-0.009000000000000008,0.386,0.387,-0.0010000000000000009
"Castro, Willi","650489","2025","454","292",0.226,0.239,-0.012999999999999984,0.366,0.371,-0.0050000000000000044,0.302,0.309,-0.007000000000000006
"Herrera, Iván","671056","2025","452","308",0.284,0.285,-0.0010000000000000009,0.464,0.505,-0.04099999999999998,0.365,0.38,-0.015000000000000013
"Bailey, Patrick","672275","2025","452","286",0.222,0.213,0.009000000000000008,0.325,0.334,-0.009000000000000008,0.265,0.266,-0.0010000000000000009
"O'Hoppe, Logan","681351","2025","451","286",0.213,0.237,-0.023999999999999994,0.371,0.436,-0.065,0.273,0.309,-0.035999999999999976
"Pham, Tommy","502054","2025","449","303",0.245,0.258,-0.013000000000000012,0.37,0.41,-0.03999999999999998,0.308,0.328,-0.020000000000000018
"Wells, Austin","669224","2025","448","294",0.219,0.221,-0.0020000000000000018,0.436,0.411,0.025000000000000022,0.302,0.303,-0.0010000000000000009
"Riley, Austin","663586","2025","447","289",0.26,0.254,0.006000000000000005,0.428,0.478,-0.04999999999999999,0.318,0.337,-0.019000000000000017
"Vaughn, Andrew","683734","2025","447","333",0.254,0.282,-0.02799999999999997,0.411,0.487,-0.07600000000000001,0.311,0.356,-0.044999999999999984
"Narváez, Carlos","665966","2025","446","296",0.241,0.228,0.012999999999999984,0.419,0.392,0.02699999999999997,0.315,0.3,0.015000000000000013
"Baldwin, Drake","686948","2025","446","337",0.274,0.282,-0.007999999999999952,0.469,0.493,-0.02400000000000002,0.351,0.362,-0.01100000000000001
"Seager, Corey","608369","2025","445","295",0.271,0.298,-0.02699999999999997,0.487,0.591,-0.10399999999999998,0.365,0.412,-0.046999999999999986
"Simpson, Chandler","802415","2025","441","376",0.295,0.299,-0.0040000000000000036,0.345,0.343,0.0019999999999999463,0.296,0.3,-0.0040000000000000036
"Collins, Isaac","686555","2025","441","285",0.263,0.251,0.01200000000000001,0.411,0.36,0.05099999999999999,0.344,0.324,0.019999999999999962
"Lukes, Nathan","664770","2025","438","338",0.255,0.264,-0.009000000000000008,0.407,0.397,0.009999999999999953,0.317,0.319,-0.0020000000000000018
"Paredes, Isaac","670623","2025","438","304",0.254,0.241,0.013000000000000012,0.458,0.392,0.066,0.353,0.326,0.02699999999999997
"Shaw, Matt","807713","2025","437","303",0.226,0.248,-0.021999999999999992,0.394,0.389,0.0050000000000000044,0.3,0.311,-0.01100000000000001
"Báez, Javier","595879","2025","437","311",0.257,0.235,0.02200000000000002,0.398,0.368,0.030000000000000027,0.293,0.276,0.01699999999999996
"Smith, Will","669257","2025","436","278",0.296,0.28,0.01599999999999996,0.497,0.506,-0.009000000000000008,0.389,0.386,0.0030000000000000027
"Arenado, Nolan","571448","2025","436","356",0.237,0.251,-0.014000000000000012,0.377,0.374,0.0030000000000000027,0.287,0.294,-0.007000000000000006
"Lowe, Josh","666139","2025","435","290",0.22,0.244,-0.023999999999999994,0.366,0.379,-0.013000000000000012,0.284,0.303,-0.019000000000000017
"Heim, Jonah","641680","2025","433","312",0.213,0.226,-0.013000000000000012,0.332,0.35,-0.01799999999999996,0.266,0.28,-0.014000000000000012
"Baty, Brett","683146","2025","432","288",0.254,0.263,-0.009000000000000008,0.435,0.472,-0.03699999999999998,0.324,0.344,-0.019999999999999962
"Robert Jr., Luis","673357","2025","431","274",0.223,0.256,-0.033,0.364,0.438,-0.07400000000000001,0.289,0.33,-0.041000000000000036
"Domínguez, Jasson","691176","2025","429","270",0.257,0.242,0.015000000000000013,0.388,0.377,0.01100000000000001,0.316,0.311,0.0050000000000000044
"Freeman, Tyler","671289","2025","428","332",0.281,0.28,0.0010000000000000009,0.361,0.368,-0.007000000000000006,0.319,0.325,-0.006000000000000005
"Mangum, Jake","663968","2025","428","343",0.296,0.259,0.03699999999999998,0.368,0.348,0.020000000000000018,0.307,0.284,0.02300000000000002
"Marsh, Brandon","669016","2025","425","276",0.28,0.277,0.0030000000000000027,0.443,0.451,-0.008000000000000007,0.339,0.342,-0.0030000000000000027
"Aranda, Jonathan","666018","2025","422","266",0.316,0.3,0.016000000000000014,0.489,0.529,-0.040000000000000036,0.381,0.392,-0.01100000000000001
"Schneemann, Daniel","682177","2025","422","264",0.206,0.225,-0.019000000000000017,0.354,0.407,-0.05299999999999999,0.28,0.308,-0.02799999999999997
"Kelly, Carson","608348","2025","421","293",0.249,0.245,0.0040000000000000036,0.428,0.429,-0.0010000000000000009,0.332,0.331,0.0010000000000000009
"Abreu, Wilyer","677800","2025","417","276",0.247,0.252,-0.0050000000000000044,0.469,0.495,-0.026000000000000023,0.334,0.346,-0.011999999999999955
"Hays, Austin","669720","2025","416","279",0.266,0.244,0.02200000000000002,0.453,0.419,0.03400000000000003,0.327,0.31,0.017000000000000015
"Allen, Nick","669397","2025","416","283",0.221,0.222,-0.0010000000000000009,0.251,0.267,-0.016000000000000014,0.245,0.251,-0.006000000000000005
"Naylor, Bo","666310","2025","414","269",0.195,0.212,-0.016999999999999987,0.379,0.385,-0.006000000000000005,0.289,0.302,-0.013000000000000012
"Acuña Jr., Ronald","660670","2025","412","236",0.29,0.274,0.01599999999999996,0.518,0.552,-0.03400000000000003,0.403,0.406,-0.0030000000000000027
"Horwitz, Spencer","687462","2025","411","292",0.272,0.259,0.013000000000000012,0.434,0.414,0.020000000000000018,0.344,0.332,0.011999999999999955
"Isbel, Kyle","664728","2025","409","310",0.255,0.23,0.024999999999999994,0.353,0.3,0.05299999999999999,0.287,0.259,0.02799999999999997
"Gonzales, Nick","693304","2025","408","312",0.26,0.264,-0.0040000000000000036,0.362,0.379,-0.017000000000000015,0.289,0.3,-0.01100000000000001
"Quero, Edgar","700337","2025","403","296",0.268,0.243,0.025000000000000022,0.356,0.353,0.0030000000000000027,0.307,0.295,0.01200000000000001
"Jones, Nolan","666134","2025","403","246",0.211,0.233,-0.02200000000000002,0.304,0.384,-0.08000000000000002,0.27,0.309,-0.03899999999999998
"Lewis, Royce","668904","2025","403","298",0.237,0.251,-0.014000000000000012,0.388,0.41,-0.021999999999999964,0.292,0.306,-0.014000000000000012
"Gorman, Nolan","669357","2025","402","219",0.205,0.203,0.001999999999999974,0.37,0.401,-0.031000000000000028,0.292,0.305,-0.013000000000000012
"Dubón, Mauricio","643289","2025","398","331",0.241,0.252,-0.01100000000000001,0.355,0.333,0.021999999999999964,0.283,0.28,0.002999999999999947
"Walker, Jordan","691023","2025","396","238",0.215,0.219,-0.0040000000000000036,0.306,0.377,-0.07100000000000001,0.26,0.288,-0.02799999999999997
"Wallner, Matt","670242","2025","392","224",0.202,0.214,-0.011999999999999983,0.464,0.45,0.014000000000000012,0.334,0.335,-0.0010000000000000009
"Urías, Ramón","602104","2025","391","274",0.241,0.237,0.0040000000000000036,0.384,0.386,-0.0020000000000000018,0.292,0.298,-0.006000000000000005
"Tovar, Ezequiel","678662","2025","390","270",0.253,0.27,-0.017000000000000015,0.4,0.456,-0.055999999999999994,0.301,0.329,-0.028000000000000025
"Hicks, Liam","689414","2025","390","282",0.247,0.249,-0.0020000000000000018,0.346,0.353,-0.007000000000000006,0.313,0.318,-0.0050000000000000044
"Pagés, Pedro","686780","2025","389","260",0.23,0.215,0.015000000000000013,0.363,0.347,0.016000000000000014,0.276,0.264,0.01200000000000001
"Muncy, Max","571970","2025","388","235",0.243,0.251,-0.008000000000000007,0.47,0.522,-0.052000000000000046,0.366,0.388,-0.02200000000000002
"Clemens, Kody","665019","2025","386","259",0.213,0.252,-0.03900000000000001,0.434,0.479,-0.044999999999999984,0.307,0.341,-0.03400000000000003
"Caratini, Victor","605170","2025","386","285",0.259,0.262,-0.0030000000000000027,0.404,0.43,-0.025999999999999968,0.318,0.334,-0.016000000000000014
"Tauchman, Mike","643565","2025","385","250",0.263,0.25,0.013000000000000012,0.4,0.385,0.015000000000000013,0.335,0.324,0.01100000000000001
"Rocchio, Brayan","677587","2025","383","276",0.233,0.249,-0.015999999999999986,0.34,0.36,-0.019999999999999962,0.278,0.297,-0.01899999999999996
"Pérez, Wenceel","672761","2025","383","262",0.244,0.251,-0.007000000000000006,0.43,0.409,0.02100000000000002,0.318,0.32,-0.0020000000000000018
"Meyers, Jake","676694","2025","381","280",0.292,0.279,0.012999999999999956,0.373,0.414,-0.04099999999999998,0.323,0.333,-0.010000000000000009
"Edman, Tommy","669242","2025","377","291",0.225,0.279,-0.05400000000000002,0.382,0.421,-0.03899999999999998,0.284,0.328,-0.04400000000000004
"Triolo, Jared","669707","2025","376","259",0.227,0.248,-0.02099999999999999,0.356,0.4,-0.04400000000000004,0.296,0.321,-0.025000000000000022
"Burger, Jake","669394","2025","376","266",0.236,0.256,-0.020000000000000018,0.419,0.488,-0.069,0.295,0.333,-0.038000000000000034
"Profar, Jurickson","595777","2025","371","259",0.245,0.238,0.007000000000000006,0.434,0.4,0.033999999999999975,0.346,0.332,0.013999999999999957
"Caballero, José","676609","2025","370","222",0.236,0.224,0.011999999999999983,0.347,0.334,0.012999999999999956,0.309,0.302,0.007000000000000006
"Giménez, Andrés","665926","2025","369","267",0.21,0.258,-0.048000000000000015,0.313,0.368,-0.05499999999999999,0.269,0.313,-0.043999999999999984
"Rutschman, Adley","668939","2025","365","267",0.22,0.251,-0.031,0.366,0.421,-0.05499999999999999,0.298,0.334,-0.03600000000000003
"Young, Jacob","696285","2025","364","269",0.231,0.268,-0.037000000000000005,0.287,0.341,-0.05400000000000005,0.264,0.3,-0.035999999999999976
"Cowser, Colton","681297","2025","360","199",0.196,0.211,-0.014999999999999986,0.385,0.419,-0.033999999999999975,0.285,0.304,-0.019000000000000017
"Marte, Noelvi","682622","2025","360","256",0.263,0.254,0.009000000000000008,0.448,0.432,0.016000000000000014,0.321,0.313,0.008000000000000007
"Mountcastle, Ryan","663624","2025","357","240",0.25,0.265,-0.015000000000000013,0.367,0.443,-0.07600000000000001,0.284,0.324,-0.040000000000000036
"Westburg, Jordan","676059","2025","352","249",0.265,0.262,0.0030000000000000027,0.457,0.467,-0.010000000000000009,0.332,0.333,-0.0010000000000000009
"Lile, Daylen","695734","2025","351","269",0.299,0.309,-0.010000000000000009,0.498,0.456,0.04199999999999998,0.36,0.353,0.007000000000000006
"Schmitt, Casey","669477","2025","348","233",0.237,0.264,-0.027000000000000024,0.401,0.443,-0.04199999999999998,0.307,0.334,-0.027000000000000024
"Fermin, Freddy","666023","2025","347","261",0.251,0.24,0.01100000000000001,0.339,0.347,-0.007999999999999952,0.28,0.278,0.0020000000000000018
"Bleday, JJ","668709","2025","344","217",0.212,0.204,0.008000000000000007,0.404,0.36,0.04400000000000004,0.302,0.285,0.017000000000000015
"Iglesias, Jose","578428","2025","343","256",0.229,0.247,-0.017999999999999988,0.294,0.325,-0.031000000000000028,0.268,0.288,-0.019999999999999962
"Stephenson, Tyler","663886","2025","342","187",0.231,0.226,0.0050000000000000044,0.421,0.429,-0.008000000000000007,0.319,0.323,-0.0040000000000000036
"Sanoja, Javier","691594","2025","342","280",0.243,0.257,-0.014000000000000012,0.396,0.346,0.050000000000000044,0.294,0.285,0.009000000000000008
"Gonzalez, Romy","663853","2025","341","239",0.305,0.29,0.015000000000000013,0.483,0.501,-0.018000000000000016,0.352,0.358,-0.006000000000000005
"Andujar, Miguel","609280","2025","341","274",0.318,0.269,0.04899999999999999,0.47,0.394,0.07599999999999996,0.354,0.307,0.046999999999999986
"Taylor, Tyrone","621438","2025","341","239",0.223,0.265,-0.04200000000000001,0.319,0.374,-0.05499999999999999,0.264,0.305,-0.04099999999999998
"Jansen, Danny","643376","2025","337","205",0.215,0.209,0.006000000000000005,0.399,0.364,0.03500000000000003,0.318,0.305,0.013000000000000012
"Toglia, Michael","669911","2025","337","176",0.19,0.204,-0.013999999999999985,0.353,0.362,-0.009000000000000008,0.265,0.276,-0.01100000000000001
"Norby, Connor","681393","2025","337","224",0.251,0.25,0.0010000000000000009,0.389,0.431,-0.04199999999999998,0.3,0.317,-0.017000000000000015
"Murphy, Sean","669221","2025","337","189",0.199,0.208,-0.00899999999999998,0.409,0.42,-0.01100000000000001,0.309,0.321,-0.01200000000000001
"Myers, Dane","667472","2025","333","231",0.235,0.259,-0.02400000000000002,0.326,0.414,-0.08799999999999997,0.275,0.317,-0.04199999999999998
"Bart, Joey","663698","2025","332","192",0.249,0.232,0.016999999999999987,0.34,0.392,-0.05199999999999999,0.317,0.326,-0.009000000000000008
"Urías, Luis","649966","2025","330","245",0.23,0.238,-0.00799999999999998,0.338,0.352,-0.013999999999999957,0.293,0.304,-0.01100000000000001
"Marte, Starling","516782","2025","329","230",0.27,0.257,0.013000000000000012,0.41,0.406,0.003999999999999948,0.326,0.326,0
"Espinal, Santiago","669289","2025","328","268",0.243,0.233,0.009999999999999981,0.282,0.296,-0.014000000000000012,0.259,0.26,-0.0010000000000000009
"Hoskins, Rhys","656555","2025","328","194",0.237,0.228,0.00899999999999998,0.416,0.398,0.01799999999999996,0.324,0.32,0.0040000000000000036
"Baldwin, Brooks","681460","2025","328","220",0.24,0.243,-0.0030000000000000027,0.407,0.428,-0.02100000000000002,0.302,0.316,-0.014000000000000012
"Higashioka, Kyle","543309","2025","327","233",0.241,0.244,-0.0030000000000000027,0.403,0.407,-0.003999999999999948,0.301,0.305,-0.0040000000000000036
"Sweeney, Trey","700242","2025","326","208",0.196,0.196,0,0.291,0.301,-0.010000000000000009,0.245,0.25,-0.0050000000000000044
"Taylor, Michael A.","572191","2025","325","191",0.2,0.196,0.0040000000000000036,0.366,0.387,-0.02100000000000002,0.27,0.278,-0.008000000000000007
"Call, Alex","669743","2025","322","225",0.267,0.248,0.019000000000000017,0.385,0.369,0.016000000000000014,0.331,0.322,0.009000000000000008
"Crews, Dylan","686611","2025","322","217",0.208,0.246,-0.038000000000000006,0.352,0.418,-0.066,0.279,0.32,-0.04099999999999998
"Walls, Taylor","670764","2025","317","221",0.22,0.213,0.007000000000000006,0.319,0.308,0.01100000000000001,0.265,0.262,0.0030000000000000027
"Rojas, Miguel","500743","2025","317","247",0.262,0.255,0.007000000000000006,0.397,0.366,0.031000000000000028,0.312,0.298,0.014000000000000012
"Soler, Jorge","624585","2025","315","188",0.215,0.213,0.0020000000000000018,0.387,0.401,-0.014000000000000012,0.298,0.304,-0.006000000000000005
"Tellez, Rowdy","642133","2025","312","209",0.228,0.245,-0.016999999999999987,0.443,0.494,-0.05099999999999999,0.307,0.338,-0.031000000000000028
"Moreno, Gabriel","672515","2025","309","226",0.285,0.289,-0.0040000000000000036,0.433,0.464,-0.031000000000000028,0.34,0.353,-0.012999999999999956
"Pederson, Joc","592626","2025","306","201",0.181,0.229,-0.048000000000000015,0.328,0.398,-0.07,0.276,0.321,-0.044999999999999984
"Morel, Christopher","666624","2025","305","169",0.219,0.225,-0.006000000000000005,0.396,0.442,-0.045999999999999985,0.299,0.317,-0.018000000000000016
"Anthony, Roman","701350","2025","303","174",0.292,0.268,0.023999999999999966,0.463,0.499,-0.035999999999999976,0.376,0.382,-0.006000000000000005
"Trevino, Jose","624431","2025","302","248",0.238,0.246,-0.008000000000000007,0.351,0.355,-0.0040000000000000036,0.271,0.281,-0.010000000000000009
"Farmer, Kyle","571657","2025","300","213",0.227,0.233,-0.006000000000000005,0.365,0.358,0.007000000000000006,0.282,0.289,-0.007000000000000006
"Straw, Myles","664702","2025","299","229",0.262,0.258,0.0040000000000000036,0.367,0.375,-0.008000000000000007,0.299,0.299,0
"Teel, Kyle","691019","2025","297","178",0.273,0.246,0.027000000000000024,0.411,0.43,-0.019000000000000017,0.349,0.345,0.0040000000000000036
"Williamson, Ben","810938","2025","295","215",0.253,0.243,0.010000000000000009,0.31,0.326,-0.016000000000000014,0.269,0.272,-0.0030000000000000027
"Saggese, Thomas","695336","2025","295","195",0.258,0.245,0.013000000000000012,0.342,0.357,-0.014999999999999958,0.282,0.284,-0.0020000000000000018
"Hernández, Heriberto","681715","2025","294","183",0.266,0.252,0.014000000000000012,0.438,0.442,-0.0040000000000000036,0.341,0.34,0.0010000000000000009
"Mayo, Coby","691723","2025","294","179",0.217,0.209,0.008000000000000007,0.388,0.372,0.016000000000000014,0.303,0.294,0.009000000000000008
"Grichuk, Randal","545341","2025","293","214",0.228,0.269,-0.04100000000000001,0.401,0.475,-0.07399999999999995,0.289,0.338,-0.049000000000000044
"Garver, Mitch","641598","2025","290","177",0.209,0.213,-0.0040000000000000036,0.343,0.383,-0.03999999999999998,0.284,0.303,-0.019000000000000017
"Moncada, Yoán","660162","2025","289","175",0.234,0.229,0.0050000000000000044,0.448,0.431,0.017000000000000015,0.339,0.333,0.006000000000000005
"Smith, Pavin","656976","2025","288","154",0.258,0.223,0.035,0.434,0.41,0.02400000000000002,0.348,0.327,0.020999999999999963
"Adams, Riley","656180","2025","286","153",0.186,0.216,-0.03,0.308,0.363,-0.05499999999999999,0.25,0.283,-0.032999999999999974
"Toro, Abraham","647351","2025","284","222",0.239,0.259,-0.020000000000000018,0.371,0.385,-0.014000000000000012,0.286,0.307,-0.02100000000000002
"Montgomery, Colson","695657","2025","284","173",0.239,0.243,-0.0040000000000000036,0.529,0.523,0.006000000000000005,0.355,0.355,0
"Torrens, Luis","620443","2025","283","206",0.226,0.285,-0.05899999999999997,0.345,0.472,-0.127,0.278,0.35,-0.07199999999999995
"Davis, Henry","680779","2025","283","182",0.167,0.222,-0.05499999999999999,0.278,0.408,-0.12999999999999995,0.229,0.304,-0.07499999999999998
"Díaz, Elias","553869","2025","283","186",0.204,0.207,-0.0030000000000000027,0.337,0.338,-0.0010000000000000009,0.269,0.271,-0.0020000000000000018
"Stanton, Giancarlo","519317","2025","281","154",0.273,0.246,0.027000000000000024,0.594,0.537,0.05699999999999994,0.395,0.366,0.029000000000000026
"Massey, Michael","686681","2025","277","224",0.244,0.243,0.0010000000000000009,0.313,0.349,-0.035999999999999976,0.254,0.269,-0.015000000000000013
"Alvarez, Francisco","682626","2025","277","173",0.256,0.237,0.019000000000000017,0.447,0.444,0.0030000000000000027,0.343,0.333,0.010000000000000009
"House, Brady","691781","2025","274","188",0.234,0.263,-0.028999999999999998,0.322,0.374,-0.05199999999999999,0.248,0.288,-0.03999999999999998
"White, Eli","642201","2025","271","188",0.234,0.26,-0.025999999999999995,0.406,0.45,-0.043999999999999984,0.29,0.32,-0.030000000000000027
"Varsho, Daulton","662139","2025","271","176",0.238,0.238,0,0.548,0.518,0.030000000000000027,0.345,0.341,0.003999999999999948
"Canzone, Dominic","686527","2025","269","187",0.3,0.302,-0.0020000000000000018,0.481,0.537,-0.05600000000000005,0.361,0.383,-0.02200000000000002
"Ruiz, Keibert","660688","2025","267","230",0.247,0.274,-0.027000000000000024,0.318,0.351,-0.032999999999999974,0.262,0.287,-0.024999999999999967
"Alexander, Blaze","677942","2025","266","148",0.23,0.219,0.01100000000000001,0.383,0.382,0.0010000000000000009,0.313,0.311,0.0020000000000000018
"Peraza, Oswald","672724","2025","265","165",0.164,0.203,-0.03900000000000001,0.25,0.319,-0.069,0.214,0.257,-0.04300000000000001
"Mead, Curtis","678554","2025","264","178",0.233,0.236,-0.002999999999999975,0.321,0.35,-0.02899999999999997,0.278,0.29,-0.011999999999999955
"Campbell, Kristian","692225","2025","263","158",0.223,0.222,0.0010000000000000009,0.345,0.338,0.006999999999999951,0.299,0.296,0.0030000000000000027
"Sosa, Edmundo","624641","2025","261","192",0.276,0.257,0.019000000000000017,0.469,0.406,0.06299999999999994,0.332,0.3,0.03200000000000003
"Young, Cole","702284","2025","257","180",0.211,0.23,-0.019000000000000017,0.305,0.36,-0.05499999999999999,0.274,0.3,-0.025999999999999968
"Hernández, Enrique","571771","2025","256","170",0.203,0.225,-0.021999999999999992,0.366,0.399,-0.03300000000000003,0.268,0.291,-0.022999999999999965
"Benson, Will","666181","2025","253","169",0.226,0.275,-0.049000000000000016,0.435,0.531,-0.09600000000000003,0.298,0.363,-0.065
"Fitzgerald, Tyler","666149","2025","243","154",0.217,0.198,0.01899999999999999,0.327,0.289,0.038000000000000034,0.269,0.247,0.02200000000000002
"Moore, Dylan","664238","2025","243","140",0.201,0.2,0.0010000000000000009,0.374,0.345,0.029000000000000026,0.28,0.273,0.007000000000000006
"Fortes, Nick","663743","2025","242","174",0.229,0.221,0.008000000000000007,0.349,0.328,0.020999999999999963,0.286,0.275,0.010999999999999954
"Wade Jr., LaMonte","664774","2025","242","154",0.167,0.211,-0.043999999999999984,0.254,0.322,-0.068,0.241,0.284,-0.04299999999999998
"Carlson, Dylan","666185","2025","241","164",0.203,0.221,-0.017999999999999988,0.336,0.367,-0.030999999999999972,0.273,0.292,-0.01899999999999996
"Canario, Alexander","672744","2025","234","137",0.218,0.226,-0.008000000000000007,0.338,0.416,-0.07799999999999996,0.27,0.301,-0.030999999999999972
"Marsee, Jakob","805300","2025","234","162",0.292,0.283,0.009000000000000008,0.478,0.45,0.02799999999999997,0.363,0.353,0.010000000000000009
"Caglianone, Jac","695506","2025","232","158",0.157,0.248,-0.091,0.295,0.432,-0.137,0.239,0.327,-0.08800000000000002
"d'Arnaud, Travis","518595","2025","231","140",0.197,0.207,-0.009999999999999981,0.343,0.384,-0.04099999999999998,0.263,0.284,-0.020999999999999963
"Schneider, Davis","676914","2025","227","129",0.234,0.197,0.037000000000000005,0.436,0.423,0.013000000000000012,0.351,0.331,0.019999999999999962
"Tawa, Tim","694374","2025","225","140",0.201,0.214,-0.012999999999999984,0.347,0.375,-0.028000000000000025,0.273,0.294,-0.020999999999999963
"Smith, Dominic","642086","2025","225","166",0.284,0.259,0.024999999999999967,0.417,0.406,0.010999999999999954,0.325,0.312,0.013000000000000012
"McCarthy, Jake","664983","2025","222","170",0.204,0.246,-0.04200000000000001,0.345,0.382,-0.03700000000000003,0.256,0.291,-0.034999999999999976
"Santander, Anthony","623993","2025","221","134",0.175,0.195,-0.020000000000000018,0.294,0.312,-0.018000000000000016,0.255,0.272,-0.017000000000000015
"Muncy, Max","691777","2025","220","139",0.214,0.213,0.0010000000000000009,0.379,0.369,0.010000000000000009,0.277,0.277,0
"Carter, Evan","694497","2025","220","153",0.247,0.253,-0.006000000000000005,0.392,0.373,0.019000000000000017,0.321,0.317,0.0040000000000000036
"Waters, Drew","671221","2025","219","146",0.243,0.236,0.007000000000000006,0.316,0.323,-0.007000000000000006,0.268,0.268,0
"Duran, Ezequiel","677649","2025","219","152",0.224,0.221,0.0030000000000000027,0.293,0.3,-0.007000000000000006,0.249,0.252,-0.0030000000000000027
"Raley, Luke","670042","2025","219","123",0.202,0.222,-0.01999999999999999,0.311,0.369,-0.057999999999999996,0.291,0.32,-0.029000000000000026
"Bauers, Jake","641343","2025","218","125",0.235,0.248,-0.013000000000000012,0.399,0.471,-0.07199999999999995,0.333,0.364,-0.030999999999999972
"Kemp, Otto","805249","2025","218","132",0.234,0.24,-0.005999999999999978,0.411,0.428,-0.017000000000000015,0.308,0.317,-0.009000000000000008
"Misner, Kameron","670224","2025","217","131",0.213,0.193,0.01999999999999999,0.345,0.298,0.046999999999999986,0.272,0.247,0.025000000000000022
"Fraley, Jake","641584","2025","217","142",0.241,0.254,-0.013000000000000012,0.382,0.378,0.0040000000000000036,0.316,0.32,-0.0040000000000000036
"Arcia, Orlando","606115","2025","214","157",0.202,0.219,-0.016999999999999987,0.291,0.306,-0.015000000000000013,0.233,0.247,-0.013999999999999985
"Vázquez, Christian","543877","2025","214","157",0.189,0.213,-0.023999999999999994,0.274,0.306,-0.03199999999999997,0.248,0.271,-0.02300000000000002
"Verdugo, Alex","657077","2025","213","166",0.239,0.273,-0.03400000000000003,0.289,0.381,-0.09200000000000003,0.264,0.312,-0.04799999999999999
"Schuemann, Max","680474","2025","213","152",0.197,0.232,-0.035,0.273,0.331,-0.057999999999999996,0.262,0.297,-0.034999999999999976
"Meadows, Parker","678009","2025","213","136",0.215,0.234,-0.019000000000000017,0.33,0.361,-0.030999999999999972,0.277,0.3,-0.022999999999999965
"Rojas, Josh","668942","2025","211","144",0.18,0.216,-0.036000000000000004,0.259,0.306,-0.046999999999999986,0.232,0.267,-0.035
"Refsnyder, Rob","608701","2025","209","130",0.269,0.252,0.017000000000000015,0.484,0.47,0.014000000000000012,0.359,0.347,0.01200000000000001
"O'Neill, Tyler","641933","2025","209","133",0.199,0.254,-0.05499999999999999,0.392,0.549,-0.15700000000000003,0.297,0.375,-0.07800000000000001
"DeJong, Paul","657557","2025","208","126",0.228,0.2,0.027999999999999997,0.373,0.355,0.018000000000000016,0.278,0.264,0.014000000000000012
"Alvarez Jr., Nacho","805373","2025","208","142",0.234,0.232,0.0020000000000000018,0.33,0.308,0.02200000000000002,0.279,0.27,0.009000000000000008
"Julien, Edouard","666397","2025","208","123",0.22,0.251,-0.031,0.324,0.437,-0.11299999999999999,0.286,0.337,-0.051000000000000045
"Ritter, Ryan","690022","2025","207","131",0.241,0.212,0.028999999999999998,0.337,0.275,0.062,0.28,0.248,0.03200000000000003
"Keaschall, Luke","807712","2025","207","154",0.302,0.27,0.03199999999999997,0.445,0.386,0.059,0.363,0.329,0.033999999999999975
"Hassell III, Robert","690987","2025","206","135",0.223,0.234,-0.01100000000000001,0.315,0.381,-0.066,0.252,0.281,-0.029000000000000026
"Yoshida, Masataka","807799","2025","205","168",0.266,0.28,-0.014000000000000012,0.388,0.404,-0.016000000000000014,0.302,0.327,-0.025000000000000022
"Herrera, Jose","645444","2025","204","133",0.187,0.173,0.014000000000000012,0.259,0.229,0.03,0.251,0.24,0.01100000000000001
"Alvarez, Yordan","670541","2025","199","138",0.273,0.295,-0.021999999999999964,0.43,0.558,-0.12800000000000006,0.338,0.402,-0.064
"Hernaiz, Darell","687231","2025","197","156",0.231,0.259,-0.027999999999999997,0.306,0.355,-0.04899999999999999,0.266,0.307,-0.04099999999999998
"Urshela, Gio","570482","2025","197","144",0.238,0.259,-0.02100000000000002,0.326,0.362,-0.035999999999999976,0.271,0.294,-0.022999999999999965
"Hamilton, David","666152","2025","194","133",0.198,0.216,-0.017999999999999988,0.333,0.326,0.007000000000000006,0.26,0.266,-0.006000000000000005
"Acuña, Luisangel","682668","2025","193","141",0.234,0.244,-0.009999999999999981,0.274,0.31,-0.035999999999999976,0.258,0.277,-0.019000000000000017
"Ibáñez, Andy","628451","2025","193","151",0.239,0.26,-0.02100000000000002,0.352,0.383,-0.031000000000000028,0.289,0.311,-0.02200000000000002
"Koss, Christian","683766","2025","191","134",0.264,0.271,-0.007000000000000006,0.368,0.415,-0.046999999999999986,0.297,0.318,-0.02100000000000002
"Kim, Ha-Seong","673490","2025","191","134",0.234,0.249,-0.014999999999999986,0.345,0.36,-0.015000000000000013,0.288,0.301,-0.013000000000000012
"Rosario, Amed","642708","2025","191","151",0.276,0.298,-0.021999999999999964,0.436,0.458,-0.02200000000000002,0.321,0.342,-0.02100000000000002
"Turner, Justin","457759","2025","191","136",0.219,0.24,-0.02099999999999999,0.314,0.362,-0.04799999999999999,0.268,0.3,-0.03199999999999997
"Thaiss, Matt","642136","2025","190","112",0.218,0.2,0.017999999999999988,0.288,0.298,-0.010000000000000009,0.298,0.294,0.0040000000000000036
"Loftin, Nick","679845","2025","188","144",0.208,0.244,-0.036000000000000004,0.357,0.379,-0.02200000000000002,0.279,0.303,-0.023999999999999966
"Wong, Connor","657136","2025","188","129",0.19,0.229,-0.03900000000000001,0.238,0.304,-0.066,0.23,0.272,-0.04200000000000001
"Mauricio, Ronny","677595","2025","184","114",0.226,0.227,-0.0010000000000000009,0.369,0.376,-0.007000000000000006,0.29,0.294,-0.0040000000000000036
"Pauley, Graham","688363","2025","184","127",0.224,0.232,-0.008000000000000007,0.366,0.354,0.01200000000000001,0.3,0.306,-0.006000000000000005
"Moore, Christian","695681","2025","184","102",0.198,0.214,-0.015999999999999986,0.37,0.367,0.0030000000000000027,0.288,0.294,-0.006000000000000005
"Matos, Luis","682641","2025","184","146",0.221,0.23,-0.009000000000000008,0.424,0.383,0.04099999999999998,0.296,0.284,0.01200000000000001
"Jackson, Jeremiah","669236","2025","183","120",0.276,0.23,0.04600000000000001,0.447,0.399,0.04799999999999999,0.336,0.298,0.038000000000000034
"Haggerty, Sam","664059","2025","182","126",0.253,0.257,-0.0040000000000000036,0.37,0.371,-0.0010000000000000009,0.307,0.311,-0.0040000000000000036
"Martin, Austin","668885","2025","181","127",0.282,0.284,-0.0020000000000000018,0.365,0.405,-0.040000000000000036,0.333,0.347,-0.013999999999999957
"Hedges, Austin","595978","2025","180","118",0.161,0.178,-0.016999999999999987,0.277,0.286,-0.008999999999999952,0.239,0.25,-0.01100000000000001
"Taveras, Leody","665750","2025","180","125",0.205,0.209,-0.0040000000000000036,0.304,0.324,-0.020000000000000018,0.23,0.24,-0.009999999999999981
"Solano, Donovan","456781","2025","179","128",0.247,0.229,0.017999999999999988,0.337,0.328,0.009000000000000008,0.277,0.264,0.013000000000000012
"Suwinski, Jack","669261","2025","178","93",0.147,0.204,-0.056999999999999995,0.253,0.386,-0.133,0.25,0.317,-0.067
"Osuna, Alejandro","696030","2025","176","119",0.212,0.275,-0.06300000000000003,0.278,0.398,-0.12,0.27,0.342,-0.07200000000000001
"Mastrobuoni, Miles","670156","2025","175","129",0.25,0.286,-0.035999999999999976,0.296,0.38,-0.08400000000000002,0.282,0.326,-0.04400000000000004
"Rave, John","670231","2025","175","110",0.196,0.236,-0.03999999999999998,0.307,0.357,-0.04999999999999999,0.267,0.307,-0.03999999999999998
"Heineman, Tyler","623168","2025","174","125",0.289,0.216,0.07299999999999998,0.416,0.294,0.122,0.341,0.273,0.068
"Rojas, Johan","679032","2025","172","119",0.224,0.237,-0.012999999999999984,0.289,0.314,-0.025000000000000022,0.254,0.274,-0.020000000000000018
"Perkins, Blake","663368","2025","171","108",0.226,0.226,0,0.348,0.32,0.02799999999999997,0.287,0.278,0.008999999999999952
"Kim, Hyeseong","808975","2025","170","110",0.28,0.229,0.05100000000000002,0.385,0.324,0.061,0.306,0.259,0.046999999999999986
"Tena, José","677588","2025","169","116",0.243,0.255,-0.01200000000000001,0.355,0.37,-0.015000000000000013,0.296,0.31,-0.014000000000000012
"Pozo, Yohel","650968","2025","168","139",0.231,0.246,-0.014999999999999986,0.375,0.355,0.020000000000000018,0.275,0.276,-0.0010000000000000009
"Kjerstad, Heston","677008","2025","167","112",0.192,0.242,-0.04999999999999999,0.327,0.414,-0.08699999999999997,0.248,0.303,-0.05499999999999999
"Estrada, Thairo","642731","2025","165","131",0.253,0.237,0.016000000000000014,0.37,0.329,0.04099999999999998,0.284,0.266,0.01799999999999996
"Maldonado, Martín","455117","2025","161","96",0.204,0.2,0.003999999999999976,0.327,0.366,-0.03899999999999998,0.251,0.263,-0.01200000000000001
"Slater, Austin","596103","2025","160","98",0.216,0.263,-0.047000000000000014,0.372,0.499,-0.127,0.28,0.347,-0.06699999999999995
"Clarke, Denzel","672016","2025","159","89",0.23,0.208,0.02200000000000002,0.372,0.333,0.03899999999999998,0.281,0.258,0.02300000000000002
"Fry, David","681807","2025","157","88",0.171,0.143,0.028000000000000025,0.363,0.264,0.09899999999999998,0.258,0.209,0.049000000000000016
"Karros, Kyle","691720","2025","156","98",0.226,0.212,0.014000000000000012,0.277,0.269,0.008000000000000007,0.268,0.261,0.007000000000000006
"Rushing, Dalton","687221","2025","155","86",0.204,0.216,-0.01200000000000001,0.324,0.395,-0.07100000000000001,0.256,0.295,-0.03899999999999998
"Noel, Jhonkensy","678877","2025","153","97",0.162,0.172,-0.009999999999999981,0.297,0.299,-0.0020000000000000018,0.207,0.212,-0.0050000000000000044
"Roden, Alan","702176","2025","153","102",0.191,0.176,0.015000000000000013,0.294,0.24,0.05399999999999999,0.249,0.225,0.023999999999999994
"Teodosio, Bryce","669326","2025","150","94",0.203,0.19,0.013000000000000012,0.304,0.269,0.034999999999999976,0.243,0.228,0.014999999999999986
"Jones, Jahmai","663330","2025","150","97",0.287,0.3,-0.013000000000000012,0.55,0.56,-0.010000000000000009,0.399,0.408,-0.008999999999999952
"Hill, Derek","656537","2025","149","89",0.216,0.245,-0.028999999999999998,0.328,0.422,-0.09399999999999997,0.272,0.317,-0.044999999999999984
"Wagner, Will","695238","2025","149","102",0.225,0.273,-0.048000000000000015,0.279,0.346,-0.06699999999999995,0.28,0.323,-0.04299999999999998
"Lockridge, Brandon","663604","2025","148","103",0.231,0.239,-0.00799999999999998,0.299,0.314,-0.015000000000000013,0.254,0.269,-0.015000000000000013
"Outman, James","681546","2025","148","71",0.134,0.166,-0.032,0.321,0.384,-0.063,0.237,0.272,-0.03500000000000003
"Fernández, Yanquiel","692585","2025","147","95",0.225,0.196,0.028999999999999998,0.348,0.319,0.02899999999999997,0.268,0.25,0.018000000000000016
"Bernabel, Warming","682653","2025","146","114",0.252,0.254,-0.0020000000000000018,0.41,0.342,0.06799999999999995,0.301,0.278,0.022999999999999965
"Palacios, Joshua","641943","2025","145","93",0.203,0.232,-0.028999999999999998,0.305,0.376,-0.07100000000000001,0.271,0.308,-0.03699999999999998
"Thomas, Lane","657041","2025","142","83",0.16,0.174,-0.013999999999999985,0.272,0.283,-0.010999999999999954,0.235,0.248,-0.013000000000000012
"LeMahieu, DJ","518934","2025","142","93",0.266,0.254,0.01200000000000001,0.336,0.346,-0.009999999999999953,0.304,0.301,0.0030000000000000027
"Rogers, Jake","668670","2025","142","87",0.187,0.201,-0.014000000000000012,0.333,0.324,0.009000000000000008,0.27,0.277,-0.007000000000000006
"Paris, Kyren","677347","2025","140","67",0.19,0.187,0.0030000000000000027,0.381,0.372,0.009000000000000008,0.283,0.279,0.003999999999999948
"McGuire, Reese","624512","2025","140","109",0.226,0.22,0.006000000000000005,0.444,0.374,0.07,0.29,0.264,0.025999999999999968
"Kayfus, C.J.","692216","2025","138","87",0.22,0.252,-0.032,0.415,0.442,-0.027000000000000024,0.306,0.333,-0.027000000000000024
"Beavers, Dylan","687637","2025","137","75",0.227,0.221,0.006000000000000005,0.4,0.418,-0.01799999999999996,0.347,0.351,-0.0040000000000000036
"Encarnacion-Strand, Christian","687952","2025","137","100",0.208,0.218,-0.010000000000000009,0.377,0.417,-0.03999999999999998,0.261,0.284,-0.022999999999999965
"McCann, James","543510","2025","137","92",0.26,0.248,0.01200000000000001,0.431,0.428,0.0030000000000000027,0.328,0.324,0.0040000000000000036
"Mayer, Marcelo","691785","2025","136","87",0.228,0.222,0.006000000000000005,0.402,0.37,0.03200000000000003,0.29,0.276,0.013999999999999957
"Monasterio, Andruw","655316","2025","135","94",0.27,0.236,0.03400000000000003,0.437,0.388,0.04899999999999999,0.328,0.294,0.03400000000000003
"Trammell, Taylor","666211","2025","135","77",0.197,0.195,0.0020000000000000018,0.333,0.316,0.017000000000000015,0.282,0.278,0.003999999999999948
"Mervis, Matt","670223","2025","134","71",0.175,0.154,0.02099999999999999,0.383,0.288,0.09500000000000003,0.274,0.235,0.039000000000000035
"Thomas, Colby","687515","2025","132","75",0.225,0.212,0.013000000000000012,0.417,0.39,0.02699999999999997,0.291,0.288,0.0030000000000000027
"Del Castillo, Adrian","680728","2025","131","75",0.242,0.211,0.031,0.392,0.352,0.040000000000000036,0.295,0.273,0.021999999999999964
"Stallings, Jacob","607732","2025","129","80",0.134,0.168,-0.034,0.168,0.225,-0.056999999999999995,0.171,0.206,-0.034999999999999976
"Rortvedt, Ben","666163","2025","128","92",0.152,0.192,-0.04000000000000001,0.205,0.255,-0.05000000000000002,0.211,0.246,-0.035
"Amador, Adael","691182","2025","128","89",0.177,0.221,-0.04400000000000001,0.265,0.303,-0.03799999999999998,0.238,0.271,-0.03300000000000003
"Rodgers, Brendan","663898","2025","128","70",0.191,0.228,-0.037000000000000005,0.278,0.415,-0.13699999999999996,0.246,0.311,-0.065
"Rivera, Emmanuel","656896","2025","127","96",0.25,0.247,0.0030000000000000027,0.283,0.311,-0.028000000000000025,0.258,0.267,-0.009000000000000008
"Wade, Tyler","642180","2025","127","80",0.206,0.187,0.01899999999999999,0.252,0.229,0.022999999999999993,0.262,0.248,0.014000000000000012
"Malloy, Justyn-Henry","669234","2025","127","74",0.221,0.202,0.01899999999999999,0.308,0.316,-0.008000000000000007,0.301,0.296,0.0050000000000000044
"Bride, Jonah","681146","2025","125","74",0.17,0.179,-0.00899999999999998,0.188,0.245,-0.056999999999999995,0.203,0.229,-0.025999999999999995
"Wilson, Weston","642215","2025","125","78",0.198,0.257,-0.059,0.369,0.444,-0.07500000000000001,0.288,0.339,-0.051000000000000045
"Canha, Mark","592192","2025","125","91",0.212,0.218,-0.006000000000000005,0.265,0.312,-0.046999999999999986,0.244,0.273,-0.029000000000000026
"Taylor, Chris","621035","2025","125","72",0.186,0.211,-0.024999999999999994,0.301,0.331,-0.030000000000000027,0.25,0.274,-0.02400000000000002
"Cabrera, Oswaldo","665828","2025","122","84",0.243,0.247,-0.0040000000000000036,0.308,0.302,0.006000000000000005,0.286,0.285,0.0010000000000000009
"Freeman, Cody","683227","2025","121","97",0.228,0.248,-0.01999999999999999,0.342,0.329,0.013000000000000012,0.261,0.269,-0.008000000000000007
"Johnston, Troy","687859","2025","121","86",0.277,0.286,-0.008999999999999952,0.42,0.487,-0.067,0.328,0.357,-0.02899999999999997
"Vargas, Ildemaro","545121","2025","121","102",0.27,0.265,0.0050000000000000044,0.383,0.386,-0.0030000000000000027,0.292,0.292,0
"Fulford, Braxton","690924","2025","120","75",0.213,0.203,0.009999999999999981,0.324,0.331,-0.007000000000000006,0.258,0.265,-0.007000000000000006
"Basallo, Samuel","694212","2025","118","79",0.165,0.222,-0.056999999999999995,0.33,0.391,-0.061,0.246,0.294,-0.04799999999999999
"Marchán, Rafael","665561","2025","118","90",0.21,0.216,-0.006000000000000005,0.305,0.298,0.007000000000000006,0.264,0.264,0
"McCormick, Chas","676801","2025","116","75",0.21,0.24,-0.03,0.29,0.382,-0.09200000000000003,0.257,0.306,-0.04899999999999999
"Newman, Kevin","621028","2025","116","92",0.202,0.213,-0.010999999999999982,0.272,0.289,-0.01699999999999996,0.209,0.22,-0.01100000000000001
"Locklear, Tyler","682988","2025","116","60",0.175,0.171,0.003999999999999976,0.262,0.285,-0.022999999999999965,0.245,0.251,-0.006000000000000005
"Robles, Victor","645302","2025","114","82",0.245,0.209,0.036000000000000004,0.33,0.297,0.03300000000000003,0.268,0.24,0.028000000000000025
"Clase, Jonatan","682729","2025","112","73",0.21,0.228,-0.018000000000000016,0.3,0.356,-0.055999999999999994,0.267,0.294,-0.02699999999999997
"Casas, Triston","671213","2025","112","72",0.182,0.216,-0.034,0.303,0.409,-0.10599999999999998,0.256,0.307,-0.05099999999999999
"MacIver, Willie","680862","2025","111","75",0.186,0.208,-0.021999999999999992,0.324,0.309,0.015000000000000013,0.256,0.261,-0.0050000000000000044
"Rivas, Leo","660844","2025","111","66",0.244,0.187,0.056999999999999995,0.333,0.275,0.057999999999999996,0.333,0.292,0.041000000000000036
"Martini, Nick","605361","2025","111","84",0.225,0.22,0.0050000000000000044,0.294,0.299,-0.0050000000000000044,0.259,0.259,0
"Wynns, Austin","642851","2025","110","73",0.291,0.249,0.04199999999999998,0.544,0.457,0.08700000000000002,0.365,0.314,0.05099999999999999
"Gasper, Mickey","681508","2025","110","77",0.158,0.168,-0.010000000000000009,0.232,0.244,-0.011999999999999983,0.229,0.237,-0.00799999999999998
"Helman, Michael","680737","2025","110","81",0.232,0.188,0.04400000000000001,0.455,0.339,0.11599999999999999,0.319,0.258,0.061
"Gilbert, Drew","687551","2025","109","81",0.19,0.22,-0.03,0.35,0.336,0.013999999999999957,0.26,0.272,-0.01200000000000001
"Dezenzo, Zach","701305","2025","109","61",0.245,0.242,0.0030000000000000027,0.367,0.44,-0.07300000000000001,0.306,0.329,-0.02300000000000002
"Renfroe, Hunter","592669","2025","108","79",0.182,0.199,-0.017000000000000015,0.242,0.329,-0.08700000000000002,0.219,0.26,-0.04100000000000001
"Berti, Jon","542932","2025","107","78",0.21,0.263,-0.05300000000000002,0.23,0.336,-0.10600000000000001,0.226,0.289,-0.06299999999999997
"Williams, Carson","700246","2025","106","56",0.172,0.174,-0.0020000000000000018,0.354,0.328,0.025999999999999968,0.248,0.239,0.009000000000000008
"Capra, Vinny","681962","2025","105","76",0.125,0.185,-0.06,0.177,0.271,-0.09400000000000003,0.15,0.221,-0.07100000000000001
"Hummel, Cooper","669450","2025","105","58",0.17,0.209,-0.03899999999999998,0.273,0.409,-0.13599999999999995,0.268,0.326,-0.057999999999999996
"Feduccia, Hunter","676439","2025","105","61",0.148,0.195,-0.047000000000000014,0.205,0.292,-0.087,0.226,0.28,-0.05400000000000002
"Loperfido, Joey","694388","2025","104","70",0.333,0.268,0.065,0.5,0.403,0.09699999999999998,0.381,0.315,0.066
"Sogard, Nick","686765","2025","104","72",0.26,0.26,0,0.344,0.384,-0.040000000000000036,0.295,0.31,-0.015000000000000013
"Amaya, Miguel","665804","2025","103","76",0.281,0.254,0.027000000000000024,0.5,0.415,0.08500000000000002,0.346,0.309,0.03699999999999998
"Valdez, Enmanuel","665839","2025","102","75",0.209,0.264,-0.05500000000000002,0.363,0.433,-0.07,0.29,0.339,-0.049000000000000044
"Gelof, Zack","680869","2025","101","48",0.174,0.154,0.01999999999999999,0.272,0.315,-0.04299999999999998,0.224,0.23,-0.006000000000000005
"Sánchez, Gary","596142","2025","101","65",0.231,0.248,-0.016999999999999987,0.418,0.428,-0.010000000000000009,0.311,0.322,-0.01100000000000001
"Jackson, Alex","656577","2025","100","54",0.22,0.195,0.024999999999999994,0.473,0.401,0.07199999999999995,0.327,0.291,0.03600000000000003
"Vierling, Matt","663837","2025","100","66",0.239,0.257,-0.018000000000000016,0.307,0.441,-0.134,0.278,0.34,-0.062
"Cortes, Carlos","666126","2025","99","76",0.309,0.28,0.02899999999999997,0.543,0.462,0.08100000000000002,0.363,0.327,0.035999999999999976
"Escarra, J.C.","641555","2025","98","72",0.202,0.238,-0.035999999999999976,0.333,0.359,-0.025999999999999968,0.28,0.305,-0.024999999999999967
"Freeland, Alex","690976","2025","97","50",0.19,0.172,0.018000000000000016,0.31,0.298,0.01200000000000001,0.273,0.261,0.01200000000000001
"Heyward, Jason","518792","2025","95","68",0.176,0.205,-0.028999999999999998,0.271,0.297,-0.025999999999999968,0.217,0.25,-0.033
"Bruján, Vidal","660644","2025","95","67",0.253,0.226,0.026999999999999996,0.31,0.316,-0.006000000000000005,0.275,0.264,0.01100000000000001
"Nuñez, Nasim","683083","2025","92","64",0.232,0.248,-0.015999999999999986,0.402,0.374,0.028000000000000025,0.304,0.3,0.0040000000000000036
"Candelario, Jeimer","600869","2025","91","53",0.113,0.131,-0.018000000000000002,0.212,0.25,-0.038000000000000006,0.189,0.217,-0.027999999999999997
"Wilson, Will","669717","2025","91","49",0.192,0.153,0.03900000000000001,0.244,0.233,0.010999999999999982,0.236,0.215,0.02099999999999999
"Hampson, Garrett","641658","2025","91","51",0.143,0.161,-0.018000000000000016,0.169,0.207,-0.03799999999999998,0.205,0.226,-0.02100000000000002
"Eaton, Nate","681987","2025","90","64",0.296,0.251,0.044999999999999984,0.383,0.379,0.0040000000000000036,0.322,0.302,0.020000000000000018
"Anderson, Tim","641313","2025","90","55",0.205,0.185,0.01999999999999999,0.241,0.237,0.0040000000000000036,0.229,0.218,0.01100000000000001
"Knizner, Andrew","668800","2025","88","69",0.221,0.235,-0.013999999999999985,0.299,0.322,-0.02300000000000002,0.27,0.287,-0.01699999999999996
"Keirsey Jr., DaShawn","680577","2025","88","52",0.107,0.149,-0.041999999999999996,0.179,0.224,-0.04500000000000001,0.142,0.179,-0.037000000000000005
"Peguero, Liover","678894","2025","88","55",0.2,0.182,0.018000000000000016,0.362,0.304,0.057999999999999996,0.281,0.252,0.029000000000000026
"Simon, Ronny","682927","2025","88","65",0.234,0.252,-0.017999999999999988,0.273,0.37,-0.09699999999999998,0.259,0.307,-0.04799999999999999
"Conine, Griffin","665052","2025","86","54",0.253,0.242,0.01100000000000001,0.418,0.404,0.013999999999999957,0.318,0.309,0.009000000000000008
"Gray, Tristan","656484","2025","86","61",0.231,0.269,-0.038000000000000006,0.41,0.485,-0.07500000000000001,0.298,0.361,-0.063
"Johnson, Bryce","669369","2025","84","60",0.342,0.301,0.041000000000000036,0.434,0.403,0.030999999999999972,0.359,0.329,0.02999999999999997
"Harris, Brett","695391","2025","84","54",0.274,0.239,0.03500000000000003,0.342,0.312,0.030000000000000027,0.311,0.29,0.02100000000000002
"Seymour, Bob","676044","2025","83","46",0.205,0.202,0.002999999999999975,0.282,0.274,0.007999999999999952,0.239,0.235,0.0040000000000000036
"Mateo, Jorge","622761","2025","83","49",0.177,0.176,0.0010000000000000009,0.266,0.262,0.0040000000000000036,0.214,0.212,0.0020000000000000018
"Biggio, Cavan","624415","2025","83","50",0.174,0.215,-0.04100000000000001,0.246,0.339,-0.09300000000000003,0.257,0.304,-0.046999999999999986
"Winker, Jesse","608385","2025","81","51",0.229,0.217,0.01200000000000001,0.4,0.371,0.029000000000000026,0.301,0.292,0.009000000000000008
"Joe, Connor","656582","2025","80","52",0.186,0.227,-0.04100000000000001,0.243,0.334,-0.09100000000000003,0.231,0.285,-0.053999999999999965
"Pereda, Jhonny","640902","2025","78","49",0.246,0.204,0.04200000000000001,0.333,0.29,0.04300000000000004,0.295,0.261,0.033999999999999975
"Mitchell, Garrett","669003","2025","78","45",0.206,0.236,-0.03,0.294,0.345,-0.05099999999999999,0.261,0.292,-0.030999999999999972
"Senger, Hayden","663584","2025","78","52",0.181,0.224,-0.04300000000000001,0.194,0.334,-0.14,0.19,0.267,-0.07700000000000001
"Melton, Jacob","689200","2025","78","41",0.157,0.187,-0.03,0.186,0.289,-0.10299999999999998,0.198,0.249,-0.05099999999999999
"Rodríguez, Johnathan","671286","2025","77","49",0.197,0.241,-0.043999999999999984,0.366,0.389,-0.02300000000000002,0.273,0.302,-0.02899999999999997
"Barrosa, Jorge","678489","2025","77","52",0.141,0.173,-0.032,0.225,0.249,-0.023999999999999994,0.171,0.198,-0.026999999999999996
"Haase, Eric","606992","2025","77","40",0.229,0.212,0.017000000000000015,0.357,0.353,0.0040000000000000036,0.286,0.278,0.007999999999999952
"Brown, Seth","664913","2025","76","42",0.185,0.202,-0.017000000000000015,0.262,0.349,-0.08699999999999997,0.265,0.301,-0.035999999999999976
"Robertson, Will","683770","2025","75","44",0.129,0.149,-0.01999999999999999,0.143,0.218,-0.07500000000000001,0.149,0.189,-0.04000000000000001
"Dunn, Blake","694362","2025","75","35",0.15,0.199,-0.049000000000000016,0.233,0.307,-0.07399999999999998,0.272,0.314,-0.04199999999999998
"Crim, Blaine","688760","2025","74","39",0.2,0.221,-0.02099999999999999,0.462,0.472,-0.009999999999999953,0.309,0.329,-0.020000000000000018
"Lawlar, Jordan","691783","2025","74","41",0.182,0.197,-0.015000000000000013,0.288,0.312,-0.02400000000000002,0.244,0.264,-0.020000000000000018
"Seigler, Anthony","678011","2025","73","48",0.194,0.244,-0.04999999999999999,0.21,0.345,-0.13499999999999998,0.239,0.306,-0.067
"Chaparro, Andrés","665953","2025","73","45",0.182,0.193,-0.01100000000000001,0.258,0.324,-0.066,0.228,0.263,-0.035
"Bouchard, Sean","656248","2025","73","39",0.167,0.175,-0.00799999999999998,0.242,0.228,0.013999999999999985,0.225,0.224,0.0010000000000000009
"Pereira, Everson","677592","2025","73","38",0.138,0.17,-0.032,0.246,0.314,-0.068,0.212,0.25,-0.038000000000000006
"Amaya, Jacob","676070","2025","73","54",0.106,0.177,-0.071,0.121,0.23,-0.10900000000000001,0.12,0.2,-0.08000000000000002
"Yorke, Nick","694377","2025","72","54",0.232,0.238,-0.005999999999999978,0.319,0.317,0.0020000000000000018,0.256,0.258,-0.0020000000000000018
"Elko, Tim","671284","2025","72","37",0.134,0.165,-0.031,0.328,0.34,-0.01200000000000001,0.228,0.246,-0.017999999999999988
"Lugo, Matthew","683090","2025","70","45",0.232,0.233,-0.0010000000000000009,0.464,0.396,0.068,0.299,0.274,0.024999999999999967
"Fermín, José","665877","2025","70","51",0.283,0.288,-0.0050000000000000044,0.417,0.378,0.03899999999999998,0.352,0.34,0.011999999999999955
"Jensen, Carter","695600","2025","69","48",0.3,0.355,-0.05499999999999999,0.55,0.66,-0.10999999999999999,0.403,0.463,-0.06
"Vivas, Jorbit","678391","2025","66","43",0.161,0.251,-0.09,0.25,0.329,-0.07900000000000001,0.242,0.308,-0.066
"Ballesteros, Moisés","694208","2025","66","45",0.298,0.271,0.02699999999999997,0.474,0.413,0.061,0.374,0.342,0.03199999999999997
"Campero, Gustavo","672569","2025","66","44",0.172,0.247,-0.07500000000000001,0.345,0.407,-0.062,0.277,0.33,-0.05299999999999999
"Kelenic, Jarred","672284","2025","65","37",0.167,0.198,-0.031,0.3,0.428,-0.128,0.236,0.296,-0.06
"Melendez, MJ","669004","2025","65","37",0.083,0.14,-0.05700000000000001,0.167,0.256,-0.089,0.151,0.208,-0.056999999999999995
"Church, Nathan","701675","2025","65","41",0.179,0.198,-0.019000000000000017,0.25,0.288,-0.03799999999999998,0.232,0.253,-0.02099999999999999
"Wisely, Brett","689172","2025","63","42",0.185,0.198,-0.013000000000000012,0.315,0.332,-0.017000000000000015,0.267,0.279,-0.01200000000000001
"Maton, Nick","665155","2025","63","35",0.167,0.137,0.03,0.315,0.261,0.05399999999999999,0.273,0.242,0.031000000000000028
"Gonzalez, Oscar","660757","2025","61","46",0.22,0.267,-0.047000000000000014,0.237,0.396,-0.15900000000000003,0.217,0.297,-0.07999999999999999
"Wiemer, Joey","686894","2025","61","34",0.236,0.247,-0.01100000000000001,0.436,0.476,-0.03999999999999998,0.297,0.316,-0.019000000000000017
"Acosta, Maximo","691185","2025","61","37",0.204,0.259,-0.05500000000000002,0.389,0.509,-0.12,0.302,0.367,-0.065
"Hilliard, Sam","656541","2025","61","28",0.196,0.18,0.016000000000000014,0.412,0.38,0.03199999999999997,0.326,0.309,0.017000000000000015
"DeLuca, Jonny","676356","2025","59","44",0.333,0.251,0.08200000000000002,0.456,0.327,0.129,0.35,0.265,0.08499999999999996
"Noda, Ryan","676116","2025","59","23",0.106,0.136,-0.030000000000000013,0.17,0.261,-0.091,0.211,0.252,-0.04100000000000001
"Stewart, Sal","701398","2025","58","40",0.255,0.296,-0.04099999999999998,0.545,0.651,-0.10599999999999998,0.355,0.412,-0.056999999999999995
"Huff, Sam","669087","2025","58","29",0.208,0.196,0.011999999999999983,0.34,0.323,0.017000000000000015,0.261,0.263,-0.0020000000000000018
"Tolbert, Tyler","686475","2025","57","42",0.28,0.258,0.02200000000000002,0.38,0.339,0.04099999999999998,0.305,0.311,-0.006000000000000005
"Rodríguez, Endy","682848","2025","57","38",0.173,0.203,-0.030000000000000027,0.25,0.301,-0.05099999999999999,0.226,0.258,-0.032
"Johnson, Daniel","669288","2025","57","40",0.189,0.247,-0.057999999999999996,0.302,0.414,-0.11199999999999999,0.243,0.31,-0.067
"Encarnacion, Jerar","666464","2025","56","40",0.2,0.26,-0.06,0.364,0.438,-0.07400000000000001,0.247,0.305,-0.057999999999999996
"Short, Zack","670097","2025","56","33",0.22,0.173,0.047000000000000014,0.38,0.265,0.11499999999999999,0.295,0.233,0.06199999999999997
"Jung, Jace","690291","2025","55","31",0.106,0.17,-0.06400000000000002,0.106,0.222,-0.116,0.181,0.246,-0.065
"Fairchild, Stuart","656413","2025","55","36",0.216,0.21,0.006000000000000005,0.333,0.378,-0.044999999999999984,0.266,0.281,-0.015000000000000013
"Millas, Drew","686452","2025","55","43",0.306,0.285,0.02100000000000002,0.449,0.355,0.09400000000000003,0.35,0.309,0.04099999999999998
"Maile, Luke","571912","2025","54","31",0.244,0.266,-0.02200000000000002,0.356,0.431,-0.07500000000000001,0.316,0.351,-0.034999999999999976
"Vázquez, Luis","676679","2025","53","36",0.16,0.228,-0.068,0.24,0.39,-0.15000000000000002,0.201,0.287,-0.08599999999999997
"Fitzgerald, Ryan","680837","2025","53","38",0.196,0.234,-0.038000000000000006,0.457,0.473,-0.01599999999999996,0.328,0.35,-0.021999999999999964
"Cole, Zach","805904","2025","52","27",0.255,0.204,0.05100000000000002,0.553,0.45,0.10300000000000004,0.373,0.313,0.06
"Jankowski, Travis","608671","2025","50","35",0.244,0.246,-0.0020000000000000018,0.289,0.277,0.011999999999999955,0.256,0.255,0.0010000000000000009
"De La Cruz, Bryan","650559","2025","50","29",0.191,0.207,-0.015999999999999986,0.213,0.307,-0.094,0.208,0.248,-0.04000000000000001
"Palacios, Richie","680700","2025","48","34",0.333,0.317,0.016000000000000014,0.452,0.445,0.007000000000000006,0.369,0.36,0.009000000000000008
"Valera, George","671655","2025","48","28",0.22,0.193,0.026999999999999996,0.415,0.293,0.122,0.33,0.279,0.05099999999999999
"Young, Jared","676724","2025","47","28",0.186,0.207,-0.02099999999999999,0.488,0.473,0.015000000000000013,0.301,0.304,-0.0030000000000000027
"Handley, Maverick","668974","2025","47","26",0.073,0.128,-0.05500000000000001,0.073,0.191,-0.11800000000000001,0.106,0.176,-0.06999999999999999
"Matthews, Brice","694728","2025","47","24",0.167,0.192,-0.024999999999999994,0.452,0.501,-0.04899999999999999,0.287,0.316,-0.029000000000000026
"Davidson, Logan","669722","2025","47","22",0.167,0.141,0.026000000000000023,0.286,0.246,0.03999999999999998,0.225,0.201,0.023999999999999994
"Crooks, Jimmy","699625","2025","46","28",0.133,0.187,-0.05399999999999999,0.244,0.329,-0.08500000000000002,0.171,0.23,-0.059
"Hinds, Rece","677956","2025","44","22",0.116,0.187,-0.071,0.279,0.415,-0.13599999999999995,0.177,0.263,-0.08600000000000002
"Barnes, Austin","605131","2025","44","29",0.214,0.23,-0.016000000000000014,0.286,0.31,-0.02400000000000002,0.227,0.244,-0.016999999999999987
"Kreidler, Ryan","668952","2025","44","21",0.105,0.187,-0.082,0.105,0.261,-0.15600000000000003,0.15,0.241,-0.091
"Harris, Dustin","687957","2025","43","27",0.2,0.197,0.0030000000000000027,0.35,0.299,0.05099999999999999,0.265,0.246,0.019000000000000017
"Brooks, Trenton","670092","2025","43","28",0.146,0.217,-0.07100000000000001,0.268,0.336,-0.068,0.199,0.258,-0.059
"Trejo, Alan","676701","2025","43","35",0.175,0.212,-0.037000000000000005,0.225,0.333,-0.10800000000000001,0.181,0.24,-0.059
"Guzman, Denzer","694203","2025","43","20",0.19,0.176,0.014000000000000012,0.357,0.327,0.02999999999999997,0.243,0.224,0.01899999999999999
"Pillar, Kevin","607680","2025","43","35",0.209,0.216,-0.007000000000000006,0.256,0.295,-0.03899999999999998,0.202,0.22,-0.017999999999999988
"Cameron, Daz","663662","2025","42","28",0.195,0.233,-0.038000000000000006,0.293,0.39,-0.09700000000000003,0.221,0.274,-0.05300000000000002
"Gorski, Matt","685301","2025","42","25",0.195,0.194,0.0010000000000000009,0.39,0.384,0.006000000000000005,0.256,0.254,0.0020000000000000018
"Baker, Luken","663609","2025","41","24",0.235,0.224,0.010999999999999982,0.324,0.375,-0.05099999999999999,0.317,0.33,-0.013000000000000012
"Dunn, Oliver","686554","2025","41","28",0.167,0.233,-0.066,0.222,0.276,-0.05400000000000002,0.19,0.245,-0.05499999999999999
"Nola, Austin","543592","2025","41","34",0.184,0.26,-0.07600000000000001,0.211,0.325,-0.11400000000000002,0.198,0.275,-0.07700000000000001
"Bryant, Kris","592178","2025","41","26",0.154,0.165,-0.01100000000000001,0.205,0.307,-0.10200000000000001,0.181,0.222,-0.04100000000000001
"Lee, Korey","686676","2025","40","29",0.257,0.193,0.064,0.429,0.307,0.122,0.333,0.262,0.07100000000000001
"Gurriel, Yuli","493329","2025","40","28",0.111,0.128,-0.017,0.139,0.17,-0.031,0.167,0.186,-0.01899999999999999
"Bliss, Ryan","669208","2025","39","24",0.2,0.219,-0.01899999999999999,0.314,0.425,-0.11099999999999999,0.268,0.315,-0.046999999999999986
"Alfaro, Jorge","595751","2025","39","25",0.256,0.244,0.01200000000000001,0.308,0.334,-0.026000000000000023,0.245,0.249,-0.0040000000000000036
"Devanney, Cam","687478","2025","38","15",0.139,0.136,0.0030000000000000027,0.167,0.216,-0.04899999999999999,0.162,0.178,-0.015999999999999986
"Mesa Jr., Victor","683748","2025","38","28",0.188,0.247,-0.059,0.344,0.454,-0.11000000000000004,0.288,0.35,-0.062
"Nido, Tomás","621512","2025","37","26",0.343,0.264,0.07900000000000001,0.343,0.331,0.01200000000000001,0.314,0.27,0.043999999999999984
"Eldridge, Bryce","805811","2025","37","16",0.107,0.191,-0.084,0.179,0.531,-0.35200000000000004,0.242,0.377,-0.135
"Veen, Zac","691728","2025","37","20",0.118,0.13,-0.01200000000000001,0.235,0.242,-0.007000000000000006,0.193,0.202,-0.009000000000000008
"Siri, Jose","642350","2025","36","15",0.063,0.106,-0.043,0.125,0.284,-0.15899999999999997,0.146,0.22,-0.07400000000000001
"Miranda, Jose","669304","2025","36","23",0.167,0.206,-0.03899999999999998,0.25,0.272,-0.02200000000000002,0.179,0.206,-0.026999999999999996
"Williams, Luke","663897","2025","34","23",0.129,0.197,-0.068,0.194,0.247,-0.05299999999999999,0.167,0.245,-0.07799999999999999
"Reyes, Pablo","622569","2025","34","22",0.194,0.199,-0.0050000000000000044,0.226,0.277,-0.05100000000000002,0.214,0.235,-0.02099999999999999
"Fletcher, Dominic","666150","2025","34","30",0.219,0.259,-0.04000000000000001,0.469,0.386,0.08299999999999996,0.311,0.3,0.01100000000000001
"Rivero, Sebastián","665861","2025","34","24",0.182,0.176,0.006000000000000005,0.242,0.27,-0.028000000000000025,0.198,0.206,-0.00799999999999998
"Schunk, Aaron","668845","2025","33","23",0.188,0.221,-0.033,0.219,0.297,-0.07799999999999999,0.177,0.223,-0.04600000000000001
"Kennedy, Buddy","671083","2025","32","21",0.069,0.144,-0.07499999999999998,0.103,0.226,-0.12300000000000001,0.132,0.209,-0.07699999999999999
"Jiménez, Leo","677870","2025","32","22",0.069,0.195,-0.126,0.172,0.324,-0.15200000000000002,0.139,0.25,-0.11099999999999999
"Whitcomb, Shay","694376","2025","32","22",0.125,0.183,-0.057999999999999996,0.219,0.301,-0.08199999999999999,0.146,0.206,-0.06
"Barrero, José","676480","2025","31","20",0.138,0.138,0,0.276,0.227,0.049000000000000016,0.209,0.191,0.017999999999999988
"McCusker, Carson","676812","2025","30","13",0.172,0.184,-0.01200000000000001,0.172,0.276,-0.10400000000000004,0.17,0.214,-0.043999999999999984
"Kingery, Scott","664068","2025","29","16",0.148,0.161,-0.013000000000000012,0.185,0.213,-0.027999999999999997,0.182,0.199,-0.017000000000000015
"Lopez, Nicky","670032","2025","28","20",0.042,0.185,-0.143,0.042,0.221,-0.179,0.13,0.25,-0.12
"Caissie, Owen","683357","2025","27","15",0.192,0.207,-0.014999999999999986,0.346,0.32,0.025999999999999968,0.245,0.243,0.0020000000000000018
"Campusano, Luis","669134","2025","27","10",0,0.076,-0.076,0,0.085,-0.085,0.154,0.209,-0.05499999999999999
"McCray, Grant","687529","2025","26","13",0.091,0.146,-0.05499999999999999,0.182,0.322,-0.14,0.154,0.228,-0.07400000000000001
"McCoy, Mason","669200","2025","26","15",0.136,0.154,-0.017999999999999988,0.182,0.284,-0.10199999999999998,0.224,0.264,-0.04000000000000001
"Stefanic, Michael","683021","2025","25","19",0.182,0.226,-0.04400000000000001,0.182,0.33,-0.14800000000000002,0.224,0.292,-0.06799999999999998
"Bae, Ji Hwan","678225","2025","25","11",0.05,0.132,-0.082,0.05,0.316,-0.266,0.174,0.288,-0.11399999999999999
"Villar, David","681584","2025","25","15",0.2,0.233,-0.033,0.25,0.363,-0.11299999999999999,0.295,0.343,-0.04800000000000004
"English, Tristin","663536","2025","23","14",0.091,0.104,-0.012999999999999998,0.136,0.156,-0.01999999999999999,0.123,0.136,-0.013000000000000012
"Kavadas, Niko","694359","2025","23","10",0.1,0.134,-0.034,0.1,0.18,-0.07999999999999999,0.167,0.208,-0.04099999999999998
"Ruiz, Esteury","665923","2025","23","13",0.19,0.173,0.017000000000000015,0.333,0.339,-0.006000000000000005,0.264,0.258,0.006000000000000005
"Sánchez, Ali","645305","2025","23","17",0.217,0.232,-0.015000000000000013,0.304,0.395,-0.09100000000000003,0.224,0.267,-0.04300000000000001
"Tromp, Chadwick","644433","2025","22","15",0.143,0.181,-0.038000000000000006,0.333,0.29,0.04300000000000004,0.221,0.223,-0.0020000000000000018
"Azocar, José","640492","2025","21","18",0.263,0.324,-0.061,0.263,0.379,-0.11599999999999999,0.276,0.34,-0.064
"McKinney, Billy","641856","2025","21","19",0.2,0.306,-0.10599999999999998,0.25,0.439,-0.189,0.219,0.335,-0.11600000000000002
"Hiura, Keston","669374","2025","21","11",0.222,0.162,0.06,0.278,0.209,0.06900000000000003,0.289,0.24,0.04899999999999999
"Guillorme, Luis","641645","2025","21","12",0.15,0.245,-0.095,0.15,0.279,-0.12900000000000003,0.159,0.254,-0.095
"Dalbec, Bobby","666915","2025","21","12",0.222,0.177,0.04500000000000001,0.278,0.236,0.04200000000000004,0.284,0.257,0.02699999999999997
"Margot, Manuel","622534","2025","20","14",0.316,0.319,-0.0030000000000000027,0.316,0.362,-0.045999999999999985,0.265,0.303,-0.03799999999999998
"Kaiser, Connor","663731","2025","19","13",0.111,0.202,-0.09100000000000001,0.167,0.337,-0.17,0.149,0.254,-0.10500000000000001
"Siani, Michael","672279","2025","19","10",0.235,0.287,-0.05199999999999999,0.235,0.316,-0.08100000000000002,0.259,0.313,-0.05399999999999999
"Baddoo, Akil","668731","2025","18","12",0.118,0.255,-0.137,0.176,0.314,-0.138,0.157,0.271,-0.11400000000000002
"Sabol, Blake","666165","2025","18","10",0.125,0.161,-0.036000000000000004,0.188,0.195,-0.007000000000000006,0.157,0.22,-0.063
"Avans, Drew","682183","2025","18","12",0.118,0.153,-0.035,0.118,0.174,-0.055999999999999994,0.098,0.158,-0.06
"Miller, Owen","680911","2025","17","10",0.143,0.183,-0.04000000000000001,0.143,0.197,-0.05400000000000002,0.228,0.268,-0.04000000000000001
"Flores, Rafael","804668","2025","17","8",0.2,0.271,-0.07100000000000001,0.333,0.507,-0.174,0.281,0.372,-0.09099999999999997
"Workman, Gage","669398","2025","17","9",0.188,0.26,-0.07200000000000001,0.25,0.462,-0.21200000000000002,0.218,0.331,-0.11300000000000002
"Alexander, CJ","680769","2025","17","9",0.176,0.188,-0.01200000000000001,0.176,0.212,-0.036000000000000004,0.156,0.176,-0.01999999999999999
"Winkler, Jack","676466","2025","16","12",0.25,0.184,0.066,0.375,0.321,0.05399999999999999,0.267,0.214,0.05300000000000002
"Salazar, César","663967","2025","16","11",0.231,0.221,0.010000000000000009,0.231,0.261,-0.03,0.297,0.3,-0.0030000000000000027
"Ornelas, Tirso","672359","2025","16","12",0.071,0.176,-0.105,0.071,0.387,-0.316,0.142,0.292,-0.15
"Barnhart, Tucker","571466","2025","15","9",0.231,0.154,0.07700000000000001,0.231,0.195,0.036000000000000004,0.271,0.223,0.048000000000000015
"Navarreto, Brian","640459","2025","15","12",0.286,0.267,0.01899999999999996,0.643,0.529,0.11399999999999999,0.362,0.362,0
"Vilade, Ryan","668723","2025","15","8",0.077,0.221,-0.14400000000000002,0.077,0.351,-0.27399999999999997,0.151,0.304,-0.153
"Hurtubise, Jacob","674441","2025","15","6",0.083,0.153,-0.06999999999999999,0.083,0.178,-0.09499999999999999,0.201,0.258,-0.056999999999999995
"Stevens, Chad","677060","2025","14","7",0.154,0.186,-0.032,0.154,0.203,-0.049000000000000016,0.136,0.169,-0.033
"Allen, Greg","656185","2025","14","9",0,0.139,-0.139,0,0.175,-0.175,0,0.136,-0.136
"Black, Tyler","672012","2025","13","7",0.25,0.254,-0.0040000000000000036,0.375,0.35,0.025000000000000022,0.43,0.428,0.0020000000000000018
"Julks, Corey","667452","2025","13","10",0.25,0.104,0.14600000000000002,0.417,0.199,0.21799999999999997,0.26,0.163,0.097
"Brennan, Will","686823","2025","13","10",0.091,0.109,-0.018000000000000002,0.091,0.153,-0.062,0.177,0.205,-0.027999999999999997
"Machín, Vimael","605353","2025","12","9",0.091,0.214,-0.123,0.364,0.396,-0.03200000000000003,0.227,0.294,-0.06699999999999998
"Alcántara, Kevin","682634","2025","12","7",0.364,0.442,-0.07800000000000001,0.364,0.5,-0.136,0.352,0.436,-0.08400000000000002
"Ramos, Bryan","682868","2025","12","8",0.167,0.22,-0.05299999999999999,0.333,0.381,-0.04799999999999999,0.209,0.256,-0.047000000000000014
"Peters, Tristan","671976","2025","12","5",0,0.148,-0.148,0,0.181,-0.181,0,0.144,-0.144
"León, Sandy","506702","2025","12","8",0.083,0.072,0.01100000000000001,0.333,0.216,0.11700000000000002,0.17,0.118,0.05200000000000002
"Solak, Nick","669256","2025","11","9",0.091,0.158,-0.067,0.091,0.175,-0.08399999999999999,0.08,0.145,-0.06499999999999999
"Narváez, Omar","553882","2025","10","7",0.286,0.234,0.05199999999999996,0.286,0.292,-0.006000000000000005,0.315,0.309,0.006000000000000005
"Ornelas, Jonathan","680716","2025","10","6",0.222,0.088,0.134,0.222,0.092,0.13,0.246,0.141,0.10500000000000001
"Montes, Coco","663796","2025","10","7",0.2,0.266,-0.066,0.2,0.309,-0.10899999999999999,0.176,0.251,-0.07500000000000001
"Banfield, Will","677943","2025","10","4",0.1,0.184,-0.08399999999999999,0.1,0.2,-0.1,0.088,0.17,-0.08200000000000002
"Ahmed, Nick","605113","2025","10","6",0,0.163,-0.163,0,0.181,-0.181,0.069,0.206,-0.13699999999999998
"Thomas, Rhylan","689041","2025","10","9",0.125,0.144,-0.01899999999999999,0.25,0.17,0.07999999999999999,0.194,0.18,0.014000000000000012
"Porter, Logan","682515","2025","9","5",0.143,0.064,0.07899999999999999,0.143,0.079,0.06399999999999999,0.255,0.205,0.05000000000000002
"Garcia, Jhostynxon","691373","2025","9","2",0.143,0.199,-0.05600000000000002,0.286,0.231,0.054999999999999966,0.293,0.302,-0.009000000000000008
"Sullivan, Brett","664954","2025","9","4",0.167,0.15,0.017000000000000015,0.167,0.396,-0.229,0.255,0.382,-0.127
"Taylor, Samad","669392","2025","9","8",0.125,0.201,-0.07600000000000001,0.125,0.269,-0.14400000000000002,0.11,0.203,-0.09300000000000001
"Singleton, Jon","572138","2025","9","8",0.111,0.24,-0.129,0.111,0.372,-0.261,0.098,0.261,-0.163
"Walton, Donovan","622268","2025","9","8",0.125,0.285,-0.15999999999999998,0.125,0.329,-0.20400000000000001,0.11,0.267,-0.15700000000000003
"Davis, J.D.","605204","2025","9","6",0.111,0.121,-0.009999999999999995,0.111,0.162,-0.051000000000000004,0.098,0.121,-0.022999999999999993
"Foscue, Justin","679822","2025","9","6",0.111,0.156,-0.045,0.222,0.249,-0.026999999999999996,0.139,0.172,-0.032999999999999974
"Halpin, Petey","690984","2025","8","4",0.333,0.148,0.18500000000000003,0.333,0.164,0.169,0.393,0.274,0.119
"Blanco, Dairon","680118","2025","8","6",0.167,0.182,-0.014999999999999986,0.333,0.22,0.11300000000000002,0.209,0.175,0.034
"Stevenson, Cal","670276","2025","8","6",0.25,0.147,0.10300000000000001,0.25,0.217,0.033,0.221,0.154,0.067
"Ford, Harry","695670","2025","8","4",0.167,0.194,-0.026999999999999996,0.167,0.442,-0.275,0.201,0.292,-0.09099999999999997
"Kieboom, Carter","666198","2025","8","7",0.25,0.239,0.01100000000000001,0.25,0.288,-0.03799999999999998,0.221,0.231,-0.010000000000000009
"Rosario, Eddie","592696","2025","8","6",0.125,0.269,-0.14400000000000002,0.125,0.568,-0.44299999999999995,0.11,0.349,-0.239
"Cheng, Tsung-Che","691907","2025","7","4",0,0.164,-0.164,0,0.226,-0.226,0,0.168,-0.168
"Nuñez, Dom","624513","2025","7","3",0.286,0.046,0.24,0.286,0.048,0.238,0.252,0.042,0.21
"Brantly, Rob","542963","2025","7","6",0.429,0.233,0.19599999999999998,0.429,0.266,0.16299999999999998,0.378,0.219,0.159
"Cook, Billy","695257","2025","6","5",0.333,0.409,-0.07599999999999996,0.333,0.449,-0.11599999999999999,0.294,0.38,-0.08600000000000002
"Berroa, Steward","672642","2025","6","3",0,0.057,-0.057,0,0.067,-0.067,0.115,0.16,-0.045
"Prieto, César","693409","2025","6","1",0.167,,,0.167,,,0.147,0,0.147
"Callihan, Tyler","682997","2025","6","5",0.167,0.191,-0.023999999999999994,0.167,0.234,-0.067,0.147,0.183,-0.036000000000000004
"Adams, Jordyn","677941","2025","5","3",0,0.237,-0.237,0,0.364,-0.364,0,0.254,-0.254
"Alcántara, Sergio","642727","2025","4","2",0,0.032,-0.032,0,0.049,-0.049,0,0.032,-0.032
"Hicklen, Brewer","676551","2025","4","2",0.667,0.239,0.42800000000000005,0.667,0.424,0.24300000000000005,0.614,0.381,0.23299999999999998
"Lipscomb, Trey","702358","2025","4","3",0.5,0.154,0.346,0.5,0.157,0.34299999999999997,0.441,0.14,0.301
"Corona, Kenedy","685744","2025","4","1",0,0.061,-0.061,0,0.069,-0.069,0.346,0.375,-0.029000000000000026
"Garcia, Aramis","605244","2025","4","1",0,0.044,-0.044,0,0.086,-0.086,0,0.054,-0.054
"Stubbs, C.J.","667690","2025","3","3",0,0.097,-0.097,0,0.106,-0.106,0,0.09,-0.09
"Dean, Justin","681909","2025","2","1",0,0.038,-0.038,0,0.04,-0.04,0,0.035,-0.035
"Robinson, Chuckie","642020","2025","2","2",0,0.26,-0.26,0,0.26,-0.26,0,0.234,-0.234
"Stubbs, Garrett","596117","2025","1","1",0,0.051,-0.051,0,0.052,-0.052,0,0.046,-0.046
"Nelson, Ryne","669194","2025","1","1",1,0.143,0.857,1,0.194,0.806,0.882,0.158,0.724
"Vavra, Terrin","679631","2025","1","1",0,0.651,-0.651,0,0.77,-0.77,0,0.62,-0.62
"Alexander, Tyler","641302","2025","1","1",0,0.063,-0.063,0,0.066,-0.066,0,0.057,-0.057